customer_id,customer_name,email,country,city,signup_date,acquisition_channel
C-10000,Sophia Clark,sophia.clark39@email.com,US,LA,2024-07-02,Organic Search
C-10001,Hans Moore,hans.moore97@email.com,US,Dallas,2025-06-27,Social Media
C-10002,Lucas Miller,lucas.miller88@email.com,FR,Marseille,2025-03-07,Organic Search
C-10003,Benjamin Ahmed,benjamin.ahmed97@email.com,FR,Paris,2025-02-01,Organic Search
C-10004,Omar Harris,omar.harris20@email.com,DE,Berlin,2024-12-12,Social Media
C-10005,Isabella White,isabella.white64@email.com,US,LA,2024-01-08,Paid Search
C-10006,Olivia Martin,olivia.martin35@email.com,FR,Marseille,2025-06-15,Social Media
C-10007,Ava Miller,ava.miller66@email.com,US,Phoenix,2024-06-13,Referral
C-10008,Harper Kumar,harper.kumar14@email.com,US,New York,2024-06-29,Organic Search
C-10009,Fatima Jackson,fatima.jackson64@email.com,UK,London,2024-03-24,Organic Search
C-10010,Charlotte Taylor,charlotte.taylor76@email.com,DE,Frankfurt,2024-05-19,Organic Search
C-10011,Liam Patel,liam.patel66@email.com,CA,Montreal,2024-08-04,Social Media
C-10012,Ava Thomas,ava.thomas17@email.com,AU,Sydney,2025-05-02,Email
C-10013,Marie Dubois,marie.dubois87@email.com,CA,Calgary,2024-06-03,Organic Search
C-10014,Oliver Garcia,oliver.garcia62@email.com,US,LA,2024-06-30,Referral
C-10015,Mia Tanaka,mia.tanaka39@email.com,FR,Lyon,2025-05-26,Organic Search
C-10016,James Kumar,james.kumar74@email.com,AU,Melbourne,2024-03-15,Organic Search
C-10017,Mia Miller,mia.miller61@email.com,AU,Melbourne,2025-01-21,Direct
C-10018,Elijah Ahmed,elijah.ahmed78@email.com,US,New York,2025-01-14,Organic Search
C-10019,Benjamin Dubois,benjamin.dubois66@email.com,US,LA,2025-02-12,Paid Search
C-10020,Priya Dubois,priya.dubois23@email.com,DE,Hamburg,2024-11-14,Organic Search
C-10021,Arjun Müller,arjun.müller59@email.com,AU,Melbourne,2024-09-12,Paid Search
C-10022,Chen Martin,chen.martin42@email.com,IN,Mumbai,2025-03-07,Social Media
C-10023,Omar Taylor,omar.taylor78@email.com,FR,Paris,2025-05-03,Referral
C-10024,Chen Martinez,chen.martinez94@email.com,US,Austin,2025-02-23,Social Media
C-10025,Arjun Kumar,arjun.kumar34@email.com,US,Houston,2025-03-26,Paid Search
C-10026,Emma Kumar,emma.kumar98@email.com,US,Chicago,2024-12-29,Referral
C-10027,Arjun Kumar,arjun.kumar91@email.com,US,Chicago,2024-06-24,Email
C-10028,Omar Müller,omar.müller62@email.com,CA,Montreal,2024-08-24,Email
C-10029,Harper White,harper.white10@email.com,US,Phoenix,2024-07-26,Paid Search
C-10030,Hans Garcia,hans.garcia66@email.com,DE,Munich,2025-06-07,Paid Search
C-10031,Elijah Martin,elijah.martin77@email.com,AU,Brisbane,2025-07-27,Social Media
C-10032,Marie Clark,marie.clark35@email.com,DE,Berlin,2024-10-21,Referral
C-10033,Olivia Harris,olivia.harris17@email.com,AU,Melbourne,2024-02-02,Paid Search
C-10034,Priya Müller,priya.müller47@email.com,IN,Mumbai,2025-08-11,Email
C-10035,Wei Moore,wei.moore32@email.com,IN,Delhi,2025-02-12,Social Media
C-10036,Ava Kim,ava.kim98@email.com,US,Dallas,2025-04-02,Paid Search
C-10037,Yuki Garcia,yuki.garcia42@email.com,UK,Manchester,2025-01-03,Paid Search
C-10038,Chen Müller,chen.müller33@email.com,UK,Leeds,2025-01-26,Social Media
C-10039,Raj Lee,raj.lee19@email.com,DE,Munich,2024-06-22,Referral
C-10040,Noah Taylor,noah.taylor19@email.com,UK,Birmingham,2025-05-20,Email
C-10041,Arjun White,arjun.white91@email.com,US,New York,2024-10-08,Social Media
C-10042,James Jones,james.jones60@email.com,US,New York,2024-02-18,Organic Search
C-10043,Mason Tanaka,mason.tanaka30@email.com,UK,Leeds,2024-10-26,Organic Search
C-10044,William Chen,william.chen24@email.com,CA,Calgary,2024-07-12,Organic Search
C-10045,Benjamin Williams,benjamin.williams35@email.com,US,Austin,2025-07-27,Social Media
C-10046,Priya Ahmed,priya.ahmed20@email.com,CA,Toronto,2025-07-01,Email
C-10047,Ava White,ava.white14@email.com,AU,Brisbane,2024-03-29,Social Media
C-10048,Omar Chen,omar.chen88@email.com,US,Phoenix,2024-08-25,Email
C-10049,Mia Tanaka,mia.tanaka53@email.com,DE,Frankfurt,2024-02-24,Organic Search
C-10050,Noah Jones,noah.jones92@email.com,US,Phoenix,2025-05-23,Email
C-10051,Charlotte Nguyen,charlotte.nguyen40@email.com,US,Phoenix,2024-04-09,Paid Search
C-10052,Omar Kim,omar.kim30@email.com,CA,Vancouver,2024-03-23,Email
C-10053,Mia Harris,mia.harris84@email.com,US,Houston,2024-02-16,Organic Search
C-10054,Ava Smith,ava.smith81@email.com,FR,Lyon,2024-10-19,Paid Search
C-10055,Wei Williams,wei.williams55@email.com,UK,Manchester,2024-02-11,Social Media
C-10056,Mia Kumar,mia.kumar14@email.com,US,Houston,2024-11-30,Direct
C-10057,Mason Jones,mason.jones46@email.com,DE,Frankfurt,2024-01-19,Paid Search
C-10058,Marie Davis,marie.davis77@email.com,CA,Calgary,2024-06-27,Referral
C-10059,Priya Rodriguez,priya.rodriguez82@email.com,US,New York,2024-06-16,Paid Search
C-10060,Emma Ahmed,emma.ahmed26@email.com,UK,Manchester,2024-07-25,Social Media
C-10061,Chen Rodriguez,chen.rodriguez84@email.com,US,Austin,2024-07-06,Paid Search
C-10062,Priya Johnson,priya.johnson60@email.com,US,Houston,2025-05-30,Organic Search
C-10063,Mia Jackson,mia.jackson71@email.com,UK,London,2024-05-15,Paid Search
C-10064,Hans Harris,hans.harris36@email.com,US,Dallas,2025-05-11,Direct
C-10065,Sophia Kim,sophia.kim27@email.com,US,Houston,2024-06-26,Email
C-10066,Fatima Kumar,fatima.kumar31@email.com,US,Dallas,2024-09-19,Social Media
C-10067,Raj Singh,raj.singh19@email.com,AU,Sydney,2025-07-10,Organic Search
C-10068,Yuki Jackson,yuki.jackson77@email.com,US,Phoenix,2025-02-08,Organic Search
C-10069,Marie Harris,marie.harris73@email.com,US,LA,2024-12-08,Organic Search
C-10070,Liam Jackson,liam.jackson50@email.com,DE,Munich,2024-03-04,Referral
C-10071,James Rodriguez,james.rodriguez11@email.com,DE,Hamburg,2024-09-18,Organic Search
C-10072,James Thomas,james.thomas28@email.com,US,Dallas,2025-02-02,Paid Search
C-10073,Amelia Johnson,amelia.johnson55@email.com,US,LA,2024-01-28,Organic Search
C-10074,Omar Moore,omar.moore55@email.com,US,Chicago,2024-01-19,Direct
C-10075,Ava Tanaka,ava.tanaka12@email.com,US,New York,2024-03-16,Organic Search
C-10076,Logan Rodriguez,logan.rodriguez92@email.com,US,New York,2024-03-13,Paid Search
C-10077,Olivia Müller,olivia.müller73@email.com,DE,Frankfurt,2025-01-13,Social Media
C-10078,Mason Kim,mason.kim51@email.com,US,Dallas,2024-09-26,Paid Search
C-10079,Harper Davis,harper.davis14@email.com,US,LA,2024-03-06,Paid Search
C-10080,Isabella Kim,isabella.kim89@email.com,DE,Munich,2024-11-10,Organic Search
C-10081,Harper Smith,harper.smith19@email.com,DE,Frankfurt,2024-09-25,Organic Search
C-10082,Lucas Tanaka,lucas.tanaka64@email.com,US,Austin,2025-03-28,Referral
C-10083,William Clark,william.clark23@email.com,US,Chicago,2025-07-01,Paid Search
C-10084,Evelyn Nguyen,evelyn.nguyen68@email.com,US,Dallas,2024-10-13,Social Media
C-10085,Olivia Müller,olivia.müller16@email.com,IN,Bangalore,2024-01-21,Organic Search
C-10086,Elijah Miller,elijah.miller94@email.com,US,Dallas,2025-03-09,Social Media
C-10087,Noah Chen,noah.chen37@email.com,US,LA,2024-11-24,Email
C-10088,Emma Jackson,emma.jackson33@email.com,IN,Mumbai,2024-10-20,Direct
C-10089,James Müller,james.müller23@email.com,DE,Hamburg,2025-03-01,Direct
C-10090,Charlotte Patel,charlotte.patel19@email.com,CA,Montreal,2024-04-08,Referral
C-10091,Omar Dubois,omar.dubois45@email.com,US,Dallas,2024-06-11,Organic Search
C-10092,Fatima Williams,fatima.williams70@email.com,CA,Calgary,2024-09-13,Organic Search
C-10093,Lucas Miller,lucas.miller49@email.com,US,Austin,2025-05-28,Paid Search
C-10094,Priya Garcia,priya.garcia46@email.com,UK,Manchester,2025-04-15,Organic Search
C-10095,Wei Thompson,wei.thompson88@email.com,UK,Birmingham,2024-08-23,Social Media
C-10096,Mason Jackson,mason.jackson83@email.com,US,New York,2024-05-28,Paid Search
C-10097,Charlotte Harris,charlotte.harris11@email.com,CA,Calgary,2024-03-25,Organic Search
C-10098,Olivia Smith,olivia.smith21@email.com,UK,Manchester,2024-07-18,Paid Search
C-10099,Hans Rodriguez,hans.rodriguez32@email.com,US,Austin,2024-11-13,Social Media
C-10100,Olivia Clark,olivia.clark51@email.com,DE,Berlin,2024-04-24,Referral
C-10101,Charlotte Taylor,charlotte.taylor15@email.com,US,Houston,2025-05-31,Social Media
C-10102,Mason Clark,mason.clark37@email.com,US,Chicago,2024-12-23,Organic Search
C-10103,Yuki Nguyen,yuki.nguyen96@email.com,CA,Vancouver,2025-07-20,Direct
C-10104,Priya Thompson,priya.thompson70@email.com,AU,Sydney,2025-03-10,Social Media
C-10105,Hans Thompson,hans.thompson49@email.com,UK,London,2025-06-30,Organic Search
C-10106,Ava Jones,ava.jones15@email.com,UK,London,2025-03-22,Social Media
C-10107,Mason Martinez,mason.martinez32@email.com,IN,Bangalore,2025-01-06,Paid Search
C-10108,Yuki Brown,yuki.brown47@email.com,IN,Mumbai,2025-07-16,Email
C-10109,Sophia Patel,sophia.patel15@email.com,US,LA,2024-06-10,Social Media
C-10110,Elijah Singh,elijah.singh79@email.com,UK,Leeds,2025-07-11,Paid Search
C-10111,Raj Moore,raj.moore23@email.com,DE,Munich,2024-09-22,Referral
C-10112,Olivia Rodriguez,olivia.rodriguez10@email.com,US,Chicago,2024-04-10,Paid Search
C-10113,Evelyn Brown,evelyn.brown45@email.com,UK,Leeds,2024-10-23,Direct
C-10114,Chen Ahmed,chen.ahmed46@email.com,US,Dallas,2024-05-12,Email
C-10115,Emma White,emma.white78@email.com,CA,Montreal,2025-06-04,Organic Search
C-10116,Mason Jones,mason.jones48@email.com,US,Houston,2024-09-28,Email
C-10117,Benjamin Smith,benjamin.smith39@email.com,US,Houston,2025-05-18,Email
C-10118,Oliver Davis,oliver.davis14@email.com,UK,Manchester,2025-06-03,Social Media
C-10119,Raj Thomas,raj.thomas26@email.com,CA,Montreal,2025-07-28,Email
C-10120,Liam Williams,liam.williams37@email.com,UK,London,2024-01-16,Social Media
C-10121,Marie Martin,marie.martin91@email.com,DE,Berlin,2025-05-23,Organic Search
C-10122,William Jones,william.jones33@email.com,US,LA,2025-03-17,Referral
C-10123,Mason Martin,mason.martin87@email.com,FR,Paris,2024-10-22,Email
C-10124,Liam Martinez,liam.martinez90@email.com,CA,Toronto,2024-02-27,Email
C-10125,Omar Thomas,omar.thomas27@email.com,UK,Birmingham,2025-05-25,Social Media
C-10126,Ava Müller,ava.müller52@email.com,DE,Hamburg,2024-02-02,Social Media
C-10127,Elijah Kumar,elijah.kumar32@email.com,US,Phoenix,2024-09-27,Paid Search
C-10128,Charlotte Müller,charlotte.müller43@email.com,AU,Brisbane,2025-02-26,Paid Search
C-10129,James Tanaka,james.tanaka99@email.com,US,Chicago,2024-02-01,Organic Search
C-10130,Chen Müller,chen.müller30@email.com,FR,Marseille,2024-01-19,Direct
C-10131,Mia Moore,mia.moore61@email.com,US,LA,2025-01-02,Direct
C-10132,James Smith,james.smith80@email.com,US,Houston,2024-06-08,Social Media
C-10133,Lucas Patel,lucas.patel90@email.com,CA,Vancouver,2024-11-22,Paid Search
C-10134,Logan Johnson,logan.johnson61@email.com,US,Phoenix,2025-05-30,Email
C-10135,Amelia Miller,amelia.miller25@email.com,US,Austin,2025-05-27,Email
C-10136,Marie Jackson,marie.jackson50@email.com,IN,Delhi,2025-06-28,Referral
C-10137,Olivia Davis,olivia.davis59@email.com,CA,Vancouver,2024-09-10,Referral
C-10138,William Taylor,william.taylor33@email.com,CA,Toronto,2024-03-23,Email
C-10139,Lucas Moore,lucas.moore43@email.com,US,Houston,2024-08-08,Paid Search
C-10140,James Patel,james.patel91@email.com,US,Houston,2025-07-23,Social Media
C-10141,Mia Rodriguez,mia.rodriguez89@email.com,DE,Munich,2024-06-21,Social Media
C-10142,Fatima Jones,fatima.jones66@email.com,US,Houston,2025-05-10,Organic Search
C-10143,Lucas Clark,lucas.clark78@email.com,DE,Frankfurt,2024-11-03,Social Media
C-10144,Lucas Johnson,lucas.johnson34@email.com,CA,Toronto,2025-04-10,Paid Search
C-10145,Elijah Kim,elijah.kim17@email.com,US,Dallas,2024-11-17,Organic Search
C-10146,Noah Nguyen,noah.nguyen64@email.com,AU,Brisbane,2025-07-14,Referral
C-10147,Emma Brown,emma.brown85@email.com,IN,Bangalore,2024-05-09,Organic Search
C-10148,Marie Tanaka,marie.tanaka12@email.com,IN,Delhi,2024-09-16,Email
C-10149,Liam Tanaka,liam.tanaka14@email.com,US,LA,2024-07-24,Organic Search
C-10150,Sophia Miller,sophia.miller10@email.com,DE,Munich,2025-06-13,Social Media
C-10151,Fatima Thomas,fatima.thomas53@email.com,UK,Manchester,2024-12-21,Paid Search
C-10152,Noah Garcia,noah.garcia15@email.com,DE,Munich,2025-08-18,Email
C-10153,Wei Martinez,wei.martinez53@email.com,US,LA,2025-01-12,Email
C-10154,Priya Martinez,priya.martinez92@email.com,UK,Leeds,2025-05-06,Organic Search
C-10155,Mason Clark,mason.clark52@email.com,US,New York,2024-04-02,Referral
C-10156,Elijah Müller,elijah.müller98@email.com,US,Dallas,2025-01-17,Organic Search
C-10157,Benjamin Harris,benjamin.harris96@email.com,US,Chicago,2024-12-13,Referral
C-10158,Chen Nguyen,chen.nguyen59@email.com,FR,Paris,2024-09-28,Social Media
C-10159,Oliver Ahmed,oliver.ahmed20@email.com,US,New York,2025-07-05,Email
C-10160,Olivia Kumar,olivia.kumar24@email.com,US,Chicago,2024-07-26,Paid Search
C-10161,William Singh,william.singh16@email.com,US,Austin,2024-09-08,Organic Search
C-10162,Mason Moore,mason.moore93@email.com,US,New York,2024-06-20,Direct
C-10163,Charlotte Rodriguez,charlotte.rodriguez32@email.com,US,LA,2025-05-24,Direct
C-10164,Chen Kumar,chen.kumar94@email.com,UK,London,2024-01-24,Organic Search
C-10165,Benjamin Lee,benjamin.lee17@email.com,US,LA,2024-05-28,Paid Search
C-10166,Isabella Davis,isabella.davis40@email.com,US,New York,2024-11-18,Organic Search
C-10167,Noah Ahmed,noah.ahmed81@email.com,US,LA,2024-03-26,Organic Search
C-10168,Sophia Taylor,sophia.taylor59@email.com,UK,Birmingham,2025-05-16,Organic Search
C-10169,Omar Tanaka,omar.tanaka37@email.com,DE,Frankfurt,2024-08-26,Direct
C-10170,Elijah Singh,elijah.singh67@email.com,UK,Manchester,2024-07-20,Direct
C-10171,Liam Müller,liam.müller53@email.com,US,Houston,2024-08-11,Email
C-10172,Mason Müller,mason.müller32@email.com,US,New York,2024-02-09,Referral
C-10173,Omar Jackson,omar.jackson19@email.com,US,New York,2024-01-16,Organic Search
C-10174,Noah Williams,noah.williams20@email.com,US,New York,2024-03-11,Email
C-10175,Wei Singh,wei.singh57@email.com,FR,Paris,2025-01-15,Paid Search
C-10176,Elijah Garcia,elijah.garcia35@email.com,UK,Leeds,2025-04-25,Paid Search
C-10177,James Müller,james.müller94@email.com,US,Austin,2024-11-14,Paid Search
C-10178,Sophia Kumar,sophia.kumar15@email.com,US,Phoenix,2024-07-24,Social Media
C-10179,William Clark,william.clark24@email.com,CA,Montreal,2025-04-23,Direct
C-10180,Sophia Brown,sophia.brown30@email.com,US,Houston,2024-02-04,Direct
C-10181,James Miller,james.miller31@email.com,CA,Calgary,2024-05-13,Direct
C-10182,Omar Rodriguez,omar.rodriguez40@email.com,UK,Manchester,2024-03-23,Direct
C-10183,Mason Smith,mason.smith96@email.com,CA,Calgary,2025-03-27,Social Media
C-10184,Isabella Thompson,isabella.thompson26@email.com,CA,Calgary,2025-03-27,Social Media
C-10185,Marie Lee,marie.lee75@email.com,FR,Marseille,2024-09-07,Direct
C-10186,Olivia Singh,olivia.singh31@email.com,AU,Brisbane,2024-03-12,Organic Search
C-10187,Ava Thompson,ava.thompson63@email.com,AU,Brisbane,2025-08-22,Paid Search
C-10188,Charlotte Garcia,charlotte.garcia86@email.com,US,New York,2025-01-04,Organic Search
C-10189,Harper Dubois,harper.dubois56@email.com,US,LA,2024-09-15,Referral
C-10190,Lucas Thomas,lucas.thomas69@email.com,DE,Munich,2025-08-05,Paid Search
C-10191,Sophia Kumar,sophia.kumar45@email.com,DE,Munich,2024-10-11,Social Media
C-10192,Hans Chen,hans.chen99@email.com,UK,Manchester,2025-05-09,Social Media
C-10193,Amelia Singh,amelia.singh37@email.com,DE,Hamburg,2024-06-26,Email
C-10194,Isabella Smith,isabella.smith11@email.com,UK,Leeds,2025-01-08,Email
C-10195,Isabella White,isabella.white27@email.com,DE,Frankfurt,2024-04-02,Email
C-10196,Logan Garcia,logan.garcia57@email.com,AU,Sydney,2025-07-03,Organic Search
C-10197,Harper Brown,harper.brown23@email.com,US,Phoenix,2025-05-08,Direct
C-10198,Harper Nguyen,harper.nguyen84@email.com,US,Phoenix,2025-02-12,Email
C-10199,Logan Williams,logan.williams84@email.com,IN,Bangalore,2025-04-10,Social Media
C-10200,Mia Brown,mia.brown92@email.com,US,New York,2024-01-26,Email
C-10201,Yuki Martinez,yuki.martinez36@email.com,CA,Vancouver,2025-07-30,Social Media
C-10202,Oliver Miller,oliver.miller95@email.com,CA,Calgary,2025-01-26,Direct
C-10203,Hans Johnson,hans.johnson36@email.com,FR,Marseille,2024-06-29,Organic Search
C-10204,Mason Jackson,mason.jackson36@email.com,US,Phoenix,2024-05-30,Paid Search
C-10205,Noah Williams,noah.williams52@email.com,US,Austin,2024-03-11,Social Media
C-10206,Harper Nguyen,harper.nguyen18@email.com,US,Houston,2024-03-20,Organic Search
C-10207,Sophia Singh,sophia.singh52@email.com,US,Phoenix,2025-07-27,Paid Search
C-10208,Mia Dubois,mia.dubois67@email.com,UK,Manchester,2024-06-23,Email
C-10209,Amelia Lee,amelia.lee57@email.com,US,Dallas,2024-09-15,Paid Search
C-10210,Harper Johnson,harper.johnson72@email.com,US,Phoenix,2024-08-06,Email
C-10211,Arjun Kim,arjun.kim78@email.com,US,New York,2025-03-13,Email
C-10212,Amelia Harris,amelia.harris71@email.com,FR,Paris,2025-02-24,Organic Search
C-10213,Mason Patel,mason.patel31@email.com,US,LA,2025-02-01,Social Media
C-10214,Priya Ahmed,priya.ahmed99@email.com,US,New York,2024-12-31,Social Media
C-10215,Lucas Johnson,lucas.johnson62@email.com,UK,Leeds,2024-07-21,Direct
C-10216,Ava Smith,ava.smith78@email.com,AU,Melbourne,2024-11-18,Organic Search
C-10217,William Lee,william.lee68@email.com,US,Chicago,2024-10-29,Social Media
C-10218,Wei Kumar,wei.kumar13@email.com,US,New York,2024-06-10,Direct
C-10219,Harper Johnson,harper.johnson50@email.com,IN,Bangalore,2025-06-19,Direct
C-10220,Omar Chen,omar.chen70@email.com,UK,Manchester,2024-02-16,Organic Search
C-10221,Priya Moore,priya.moore14@email.com,US,LA,2024-12-02,Email
C-10222,Evelyn Harris,evelyn.harris14@email.com,UK,Manchester,2025-02-09,Social Media
C-10223,Harper Jones,harper.jones30@email.com,US,Dallas,2024-08-09,Email
C-10224,Lucas Thompson,lucas.thompson67@email.com,US,Dallas,2024-04-22,Social Media
C-10225,Logan Jones,logan.jones77@email.com,CA,Vancouver,2024-02-29,Paid Search
C-10226,Isabella Kim,isabella.kim91@email.com,AU,Sydney,2024-05-19,Organic Search
C-10227,Lucas Chen,lucas.chen58@email.com,US,Houston,2024-07-22,Social Media
C-10228,Noah Thompson,noah.thompson91@email.com,AU,Brisbane,2025-05-26,Direct
C-10229,William Patel,william.patel50@email.com,DE,Berlin,2024-05-11,Organic Search
C-10230,Elijah Thompson,elijah.thompson53@email.com,DE,Frankfurt,2024-01-09,Email
C-10231,Charlotte Dubois,charlotte.dubois39@email.com,FR,Marseille,2025-01-15,Organic Search
C-10232,James Clark,james.clark23@email.com,UK,London,2024-05-24,Social Media
C-10233,Mia Müller,mia.müller42@email.com,US,LA,2024-10-23,Email
C-10234,Liam Martinez,liam.martinez78@email.com,US,New York,2024-04-09,Social Media
C-10235,Noah Martinez,noah.martinez22@email.com,US,Austin,2025-05-31,Social Media
C-10236,Ava Ahmed,ava.ahmed97@email.com,US,New York,2025-01-04,Paid Search
C-10237,Chen Ahmed,chen.ahmed19@email.com,UK,Manchester,2025-03-16,Direct
C-10238,Marie Lee,marie.lee54@email.com,IN,Bangalore,2024-07-10,Email
C-10239,Chen Tanaka,chen.tanaka90@email.com,UK,London,2025-05-11,Social Media
C-10240,Liam Williams,liam.williams54@email.com,US,Phoenix,2024-08-22,Paid Search
C-10241,Evelyn Patel,evelyn.patel67@email.com,US,LA,2025-01-27,Organic Search
C-10242,Oliver Ahmed,oliver.ahmed25@email.com,DE,Berlin,2025-04-04,Referral
C-10243,Charlotte Rodriguez,charlotte.rodriguez48@email.com,US,Chicago,2024-09-02,Email
C-10244,Evelyn Johnson,evelyn.johnson51@email.com,FR,Marseille,2024-03-13,Paid Search
C-10245,James Davis,james.davis32@email.com,AU,Sydney,2025-03-16,Organic Search
C-10246,Wei Smith,wei.smith13@email.com,US,Houston,2024-11-28,Paid Search
C-10247,Sophia White,sophia.white63@email.com,CA,Vancouver,2024-08-17,Email
C-10248,Chen Kumar,chen.kumar23@email.com,UK,Birmingham,2024-08-27,Referral
C-10249,Olivia Williams,olivia.williams94@email.com,US,Houston,2024-02-19,Organic Search
C-10250,Olivia Ahmed,olivia.ahmed54@email.com,UK,Leeds,2024-09-12,Direct
C-10251,Isabella Moore,isabella.moore67@email.com,US,Chicago,2024-07-26,Paid Search
C-10252,Isabella Thomas,isabella.thomas87@email.com,CA,Vancouver,2025-05-17,Email
C-10253,Mason Jones,mason.jones37@email.com,DE,Frankfurt,2025-01-16,Direct
C-10254,Amelia Thompson,amelia.thompson48@email.com,IN,Delhi,2024-10-28,Paid Search
C-10255,Oliver Brown,oliver.brown16@email.com,US,Chicago,2024-10-31,Referral
C-10256,Sophia Tanaka,sophia.tanaka25@email.com,DE,Frankfurt,2025-04-04,Organic Search
C-10257,Amelia Clark,amelia.clark39@email.com,US,New York,2025-04-16,Organic Search
C-10258,Mason Kumar,mason.kumar14@email.com,UK,London,2024-08-10,Organic Search
C-10259,William Harris,william.harris40@email.com,UK,Birmingham,2024-11-10,Email
C-10260,Fatima Moore,fatima.moore22@email.com,US,New York,2024-05-02,Social Media
C-10261,Sophia White,sophia.white94@email.com,FR,Marseille,2024-07-15,Organic Search
C-10262,Omar Nguyen,omar.nguyen37@email.com,UK,Birmingham,2025-06-03,Organic Search
C-10263,Marie Tanaka,marie.tanaka56@email.com,US,Chicago,2024-01-27,Paid Search
C-10264,Harper Thomas,harper.thomas61@email.com,US,Dallas,2024-10-27,Organic Search
C-10265,Isabella Kim,isabella.kim21@email.com,US,Phoenix,2025-06-28,Paid Search
C-10266,Logan Smith,logan.smith81@email.com,US,New York,2025-05-26,Direct
C-10267,Fatima Jackson,fatima.jackson54@email.com,US,New York,2025-04-22,Paid Search
C-10268,Charlotte Taylor,charlotte.taylor88@email.com,UK,Leeds,2025-04-06,Organic Search
C-10269,Noah Singh,noah.singh84@email.com,UK,Manchester,2024-05-03,Social Media
C-10270,James Chen,james.chen78@email.com,FR,Lyon,2025-03-30,Organic Search
C-10271,Oliver Johnson,oliver.johnson18@email.com,UK,London,2024-01-01,Organic Search
C-10272,Oliver Clark,oliver.clark94@email.com,US,Houston,2024-11-30,Organic Search
C-10273,Amelia Chen,amelia.chen64@email.com,DE,Frankfurt,2024-05-07,Organic Search
C-10274,Liam Chen,liam.chen10@email.com,US,Chicago,2025-05-10,Organic Search
C-10275,Charlotte Garcia,charlotte.garcia61@email.com,US,Phoenix,2024-02-02,Organic Search
C-10276,Chen Davis,chen.davis94@email.com,US,Phoenix,2024-12-30,Email
C-10277,Noah Thompson,noah.thompson12@email.com,AU,Sydney,2024-09-18,Paid Search
C-10278,Benjamin Patel,benjamin.patel67@email.com,DE,Frankfurt,2024-01-08,Social Media
C-10279,Amelia Brown,amelia.brown16@email.com,UK,Leeds,2024-04-24,Paid Search
C-10280,Olivia Kim,olivia.kim60@email.com,US,LA,2025-04-15,Referral
C-10281,Mia Smith,mia.smith48@email.com,US,LA,2024-06-21,Social Media
C-10282,Liam Johnson,liam.johnson99@email.com,US,New York,2025-07-19,Direct
C-10283,Priya Clark,priya.clark15@email.com,DE,Munich,2024-01-11,Paid Search
C-10284,Marie Thomas,marie.thomas22@email.com,US,LA,2024-03-13,Email
C-10285,Isabella Miller,isabella.miller35@email.com,US,Chicago,2025-07-16,Social Media
C-10286,Emma Jones,emma.jones29@email.com,CA,Calgary,2025-07-26,Paid Search
C-10287,Charlotte White,charlotte.white78@email.com,US,Houston,2024-06-25,Paid Search
C-10288,Ava Martinez,ava.martinez77@email.com,US,Houston,2025-03-20,Social Media
C-10289,William Thomas,william.thomas10@email.com,DE,Berlin,2025-02-15,Paid Search
C-10290,Arjun Davis,arjun.davis87@email.com,CA,Calgary,2025-02-07,Referral
C-10291,Elijah Smith,elijah.smith77@email.com,FR,Lyon,2025-05-31,Organic Search
C-10292,Noah Patel,noah.patel14@email.com,AU,Brisbane,2024-07-05,Paid Search
C-10293,Marie Dubois,marie.dubois42@email.com,US,Houston,2024-07-30,Organic Search
C-10294,Marie Patel,marie.patel64@email.com,US,New York,2024-07-06,Referral
C-10295,Sophia Lee,sophia.lee41@email.com,CA,Calgary,2024-12-20,Paid Search
C-10296,Fatima Davis,fatima.davis27@email.com,US,Austin,2024-06-03,Organic Search
C-10297,Arjun Chen,arjun.chen22@email.com,US,Phoenix,2024-09-18,Organic Search
C-10298,Priya Tanaka,priya.tanaka80@email.com,US,Austin,2024-01-23,Email
C-10299,Charlotte Davis,charlotte.davis68@email.com,CA,Vancouver,2024-03-25,Social Media
C-10300,William Müller,william.müller66@email.com,US,New York,2025-07-03,Direct
C-10301,Benjamin Thomas,benjamin.thomas24@email.com,US,New York,2025-04-10,Direct
C-10302,Emma Dubois,emma.dubois67@email.com,US,Chicago,2025-04-02,Organic Search
C-10303,Omar Davis,omar.davis63@email.com,DE,Frankfurt,2025-03-26,Organic Search
C-10304,Olivia Jones,olivia.jones18@email.com,AU,Brisbane,2024-03-16,Email
C-10305,Yuki Taylor,yuki.taylor17@email.com,US,Chicago,2024-12-18,Organic Search
C-10306,William Smith,william.smith44@email.com,UK,Leeds,2024-02-12,Social Media
C-10307,James Jackson,james.jackson83@email.com,DE,Munich,2025-04-26,Paid Search
C-10308,Priya Martinez,priya.martinez16@email.com,DE,Berlin,2024-03-16,Organic Search
C-10309,Amelia Singh,amelia.singh85@email.com,US,Dallas,2025-08-11,Paid Search
C-10310,Hans Moore,hans.moore13@email.com,DE,Hamburg,2025-02-01,Direct
C-10311,Yuki Johnson,yuki.johnson68@email.com,FR,Paris,2025-03-15,Paid Search
C-10312,James Chen,james.chen57@email.com,US,Phoenix,2024-11-13,Direct
C-10313,Omar Miller,omar.miller90@email.com,US,Houston,2025-02-27,Organic Search
C-10314,Chen Nguyen,chen.nguyen31@email.com,US,Phoenix,2025-03-24,Referral
C-10315,James Dubois,james.dubois29@email.com,US,New York,2024-02-06,Referral
C-10316,Mia Ahmed,mia.ahmed61@email.com,CA,Toronto,2024-09-02,Email
C-10317,Isabella Williams,isabella.williams43@email.com,US,LA,2024-02-09,Referral
C-10318,Logan Rodriguez,logan.rodriguez25@email.com,US,Houston,2025-04-10,Social Media
C-10319,Oliver Miller,oliver.miller79@email.com,AU,Sydney,2025-02-08,Direct
C-10320,Arjun Johnson,arjun.johnson72@email.com,DE,Munich,2024-12-20,Organic Search
C-10321,Emma Thompson,emma.thompson85@email.com,US,Dallas,2024-07-06,Referral
C-10322,Mason Williams,mason.williams22@email.com,DE,Hamburg,2024-02-23,Paid Search
C-10323,James Kim,james.kim47@email.com,UK,Manchester,2024-08-10,Email
C-10324,Isabella Martin,isabella.martin13@email.com,UK,Manchester,2025-08-12,Direct
C-10325,Wei Singh,wei.singh28@email.com,CA,Toronto,2025-06-23,Paid Search
C-10326,Arjun Davis,arjun.davis63@email.com,DE,Berlin,2024-04-05,Social Media
C-10327,Charlotte Smith,charlotte.smith20@email.com,US,Chicago,2025-05-06,Organic Search
C-10328,Noah Ahmed,noah.ahmed40@email.com,US,Austin,2025-05-12,Email
C-10329,Sophia Jones,sophia.jones11@email.com,AU,Melbourne,2025-07-12,Social Media
C-10330,Yuki Singh,yuki.singh89@email.com,IN,Delhi,2025-05-09,Social Media
C-10331,Priya Ahmed,priya.ahmed82@email.com,FR,Lyon,2024-05-03,Social Media
C-10332,Marie Miller,marie.miller63@email.com,FR,Lyon,2024-12-19,Direct
C-10333,Noah Smith,noah.smith57@email.com,CA,Toronto,2025-06-11,Paid Search
C-10334,Hans Thompson,hans.thompson94@email.com,AU,Brisbane,2025-01-18,Paid Search
C-10335,Evelyn Clark,evelyn.clark30@email.com,US,LA,2024-01-06,Organic Search
C-10336,Arjun Kumar,arjun.kumar40@email.com,US,Phoenix,2024-12-18,Referral
C-10337,Noah Patel,noah.patel60@email.com,DE,Frankfurt,2024-07-18,Paid Search
C-10338,Oliver Lee,oliver.lee63@email.com,AU,Melbourne,2024-09-22,Social Media
C-10339,Isabella Harris,isabella.harris38@email.com,DE,Hamburg,2024-08-06,Direct
C-10340,Liam Lee,liam.lee61@email.com,CA,Calgary,2024-10-05,Organic Search
C-10341,William Jackson,william.jackson39@email.com,US,Dallas,2025-07-21,Social Media
C-10342,Benjamin Kim,benjamin.kim65@email.com,AU,Melbourne,2025-02-18,Direct
C-10343,Ava Miller,ava.miller78@email.com,CA,Calgary,2024-05-28,Social Media
C-10344,Yuki Jones,yuki.jones24@email.com,DE,Munich,2025-04-06,Social Media
C-10345,Logan Johnson,logan.johnson86@email.com,US,Houston,2025-02-24,Social Media
C-10346,Yuki Martin,yuki.martin83@email.com,CA,Calgary,2025-06-20,Organic Search
C-10347,Isabella Williams,isabella.williams28@email.com,UK,Birmingham,2025-07-20,Referral
C-10348,William Smith,william.smith28@email.com,FR,Lyon,2024-08-04,Organic Search
C-10349,Chen Nguyen,chen.nguyen50@email.com,UK,Leeds,2024-12-21,Referral
C-10350,James Clark,james.clark19@email.com,FR,Lyon,2024-05-07,Email
C-10351,Mia Martinez,mia.martinez10@email.com,AU,Melbourne,2024-05-16,Paid Search
C-10352,Mia Miller,mia.miller47@email.com,US,LA,2024-01-20,Social Media
C-10353,James Kim,james.kim73@email.com,UK,Manchester,2024-05-01,Social Media
C-10354,Charlotte Ahmed,charlotte.ahmed33@email.com,US,Dallas,2024-03-29,Referral
C-10355,Ava Martin,ava.martin43@email.com,UK,Birmingham,2025-06-17,Email
C-10356,Wei Ahmed,wei.ahmed63@email.com,UK,Leeds,2025-08-22,Paid Search
C-10357,Noah Jones,noah.jones77@email.com,US,Phoenix,2025-04-17,Direct
C-10358,Logan Davis,logan.davis48@email.com,US,Austin,2024-12-27,Referral
C-10359,Hans Müller,hans.müller47@email.com,IN,Mumbai,2024-06-24,Direct
C-10360,Lucas Martin,lucas.martin14@email.com,CA,Montreal,2024-11-22,Organic Search
C-10361,Noah Nguyen,noah.nguyen59@email.com,US,Austin,2024-06-13,Organic Search
C-10362,Elijah Müller,elijah.müller43@email.com,US,Dallas,2025-07-13,Organic Search
C-10363,Olivia Chen,olivia.chen30@email.com,US,New York,2024-05-24,Social Media
C-10364,Isabella Patel,isabella.patel89@email.com,US,Chicago,2024-11-06,Organic Search
C-10365,Mia Martin,mia.martin93@email.com,UK,Leeds,2024-06-07,Email
C-10366,James Singh,james.singh82@email.com,US,Houston,2024-10-03,Email
C-10367,Arjun Lee,arjun.lee23@email.com,US,Dallas,2025-07-01,Organic Search
C-10368,Hans Thompson,hans.thompson47@email.com,UK,Manchester,2025-07-13,Social Media
C-10369,Lucas Müller,lucas.müller13@email.com,US,Phoenix,2024-07-21,Organic Search
C-10370,Fatima Smith,fatima.smith67@email.com,AU,Sydney,2024-04-16,Paid Search
C-10371,Priya Williams,priya.williams21@email.com,DE,Berlin,2024-03-05,Organic Search
C-10372,Logan White,logan.white44@email.com,UK,Leeds,2024-10-14,Email
C-10373,Mia Moore,mia.moore42@email.com,AU,Brisbane,2025-07-15,Social Media
C-10374,Omar Johnson,omar.johnson16@email.com,US,Phoenix,2024-03-03,Paid Search
C-10375,Fatima Nguyen,fatima.nguyen69@email.com,US,Dallas,2024-04-01,Social Media
C-10376,Ava Miller,ava.miller79@email.com,UK,London,2024-01-10,Referral
C-10377,Elijah White,elijah.white82@email.com,US,Phoenix,2024-04-07,Paid Search
C-10378,Lucas Brown,lucas.brown11@email.com,US,LA,2024-05-19,Direct
C-10379,Olivia Chen,olivia.chen58@email.com,AU,Brisbane,2025-08-20,Paid Search
C-10380,Mason Singh,mason.singh55@email.com,CA,Vancouver,2024-10-20,Social Media
C-10381,Raj Moore,raj.moore33@email.com,CA,Toronto,2024-10-31,Email
C-10382,Arjun Garcia,arjun.garcia62@email.com,US,New York,2024-01-21,Social Media
C-10383,Charlotte Lee,charlotte.lee95@email.com,US,LA,2024-04-15,Email
C-10384,Noah Müller,noah.müller99@email.com,AU,Brisbane,2024-03-11,Paid Search
C-10385,Benjamin Miller,benjamin.miller35@email.com,AU,Sydney,2024-12-29,Social Media
C-10386,Benjamin Singh,benjamin.singh32@email.com,US,Austin,2024-10-31,Referral
C-10387,Logan Tanaka,logan.tanaka65@email.com,US,Phoenix,2024-05-20,Referral
C-10388,Marie Johnson,marie.johnson63@email.com,DE,Berlin,2024-07-27,Organic Search
C-10389,William Ahmed,william.ahmed16@email.com,US,LA,2024-09-16,Organic Search
C-10390,Olivia Jackson,olivia.jackson14@email.com,UK,London,2024-06-24,Direct
C-10391,Mason Smith,mason.smith10@email.com,UK,London,2025-03-25,Organic Search
C-10392,Raj Harris,raj.harris61@email.com,US,Dallas,2024-01-12,Organic Search
C-10393,James Rodriguez,james.rodriguez12@email.com,DE,Berlin,2024-08-24,Email
C-10394,Priya Patel,priya.patel18@email.com,FR,Lyon,2024-05-18,Direct
C-10395,Elijah Davis,elijah.davis95@email.com,FR,Paris,2024-11-19,Direct
C-10396,Amelia Garcia,amelia.garcia70@email.com,DE,Berlin,2024-03-05,Email
C-10397,Fatima Garcia,fatima.garcia83@email.com,CA,Vancouver,2024-12-22,Referral
C-10398,Charlotte Clark,charlotte.clark91@email.com,US,Chicago,2024-06-29,Social Media
C-10399,Noah Patel,noah.patel40@email.com,US,Houston,2024-02-20,Email
C-10400,Amelia Chen,amelia.chen13@email.com,DE,Berlin,2024-01-08,Referral
C-10401,James Rodriguez,james.rodriguez83@email.com,CA,Toronto,2025-04-07,Paid Search
C-10402,Emma Garcia,emma.garcia85@email.com,US,Austin,2025-06-19,Paid Search
C-10403,Marie Martin,marie.martin66@email.com,UK,Manchester,2024-07-24,Paid Search
C-10404,James Ahmed,james.ahmed43@email.com,UK,Leeds,2024-02-22,Email
C-10405,James Kim,james.kim18@email.com,US,Houston,2025-01-26,Organic Search
C-10406,Olivia Tanaka,olivia.tanaka66@email.com,UK,Leeds,2024-12-01,Social Media
C-10407,Fatima Martin,fatima.martin38@email.com,US,LA,2024-05-11,Social Media
C-10408,James Davis,james.davis70@email.com,UK,Manchester,2025-03-23,Organic Search
C-10409,Sophia Rodriguez,sophia.rodriguez24@email.com,US,Dallas,2025-07-14,Organic Search
C-10410,Charlotte Thompson,charlotte.thompson11@email.com,DE,Berlin,2025-02-26,Direct
C-10411,Noah Thompson,noah.thompson75@email.com,CA,Montreal,2024-03-26,Referral
C-10412,Evelyn Kim,evelyn.kim74@email.com,US,Dallas,2024-11-17,Direct
C-10413,Priya Tanaka,priya.tanaka92@email.com,US,Houston,2025-06-15,Paid Search
C-10414,Fatima Tanaka,fatima.tanaka46@email.com,CA,Toronto,2024-10-28,Direct
C-10415,Harper Miller,harper.miller88@email.com,US,Austin,2024-05-09,Social Media
C-10416,Emma Singh,emma.singh59@email.com,US,New York,2025-07-07,Direct
C-10417,Logan Jackson,logan.jackson11@email.com,US,Dallas,2024-06-12,Paid Search
C-10418,Priya Lee,priya.lee11@email.com,CA,Toronto,2025-03-05,Direct
C-10419,Sophia Davis,sophia.davis51@email.com,US,Chicago,2024-03-22,Organic Search
C-10420,Fatima Thompson,fatima.thompson44@email.com,US,LA,2025-07-11,Referral
C-10421,Mason Jackson,mason.jackson71@email.com,AU,Brisbane,2024-06-23,Email
C-10422,Arjun Harris,arjun.harris88@email.com,IN,Delhi,2025-06-06,Referral
C-10423,Lucas Kim,lucas.kim77@email.com,DE,Berlin,2024-12-02,Email
C-10424,Amelia Moore,amelia.moore15@email.com,FR,Marseille,2024-04-24,Social Media
C-10425,Lucas Müller,lucas.müller97@email.com,US,Dallas,2024-08-27,Paid Search
C-10426,Evelyn Ahmed,evelyn.ahmed42@email.com,US,LA,2024-05-05,Direct
C-10427,Chen Garcia,chen.garcia37@email.com,AU,Melbourne,2024-12-26,Paid Search
C-10428,Priya Singh,priya.singh56@email.com,UK,Manchester,2024-11-12,Social Media
C-10429,Harper Taylor,harper.taylor12@email.com,IN,Delhi,2024-10-17,Social Media
C-10430,Yuki Taylor,yuki.taylor18@email.com,US,Austin,2024-06-24,Email
C-10431,Benjamin Johnson,benjamin.johnson86@email.com,US,Houston,2025-02-01,Paid Search
C-10432,Oliver Dubois,oliver.dubois84@email.com,US,Houston,2024-11-06,Paid Search
C-10433,Noah Smith,noah.smith41@email.com,DE,Munich,2024-04-30,Email
C-10434,Elijah Nguyen,elijah.nguyen65@email.com,UK,Leeds,2025-05-14,Social Media
C-10435,Harper Kim,harper.kim71@email.com,US,LA,2025-05-16,Organic Search
C-10436,Emma Clark,emma.clark26@email.com,IN,Mumbai,2025-02-21,Social Media
C-10437,Logan Miller,logan.miller78@email.com,US,Phoenix,2025-07-04,Paid Search
C-10438,Elijah Harris,elijah.harris11@email.com,US,New York,2024-02-23,Email
C-10439,Raj Clark,raj.clark98@email.com,UK,Leeds,2024-07-26,Direct
C-10440,Logan Davis,logan.davis64@email.com,US,Chicago,2024-12-05,Organic Search
C-10441,Olivia Ahmed,olivia.ahmed90@email.com,IN,Delhi,2024-04-22,Direct
C-10442,Ava Clark,ava.clark44@email.com,IN,Delhi,2025-01-21,Referral
C-10443,Noah Müller,noah.müller53@email.com,AU,Brisbane,2024-04-14,Email
C-10444,Yuki Rodriguez,yuki.rodriguez62@email.com,US,Dallas,2024-06-14,Email
C-10445,Raj Lee,raj.lee29@email.com,DE,Frankfurt,2025-08-01,Social Media
C-10446,Sophia Thompson,sophia.thompson86@email.com,CA,Calgary,2025-06-14,Organic Search
C-10447,Arjun Chen,arjun.chen69@email.com,US,Houston,2024-01-20,Direct
C-10448,Sophia Thomas,sophia.thomas58@email.com,US,Phoenix,2024-02-16,Organic Search
C-10449,William White,william.white95@email.com,UK,Leeds,2024-12-06,Email
C-10450,Oliver Miller,oliver.miller25@email.com,DE,Munich,2024-06-25,Organic Search
C-10451,Emma Taylor,emma.taylor83@email.com,US,LA,2025-02-05,Paid Search
C-10452,Olivia Clark,olivia.clark27@email.com,CA,Montreal,2025-06-08,Referral
C-10453,Ava Thompson,ava.thompson96@email.com,DE,Hamburg,2024-10-20,Social Media
C-10454,Fatima Rodriguez,fatima.rodriguez75@email.com,US,Dallas,2024-01-10,Direct
C-10455,Yuki Ahmed,yuki.ahmed12@email.com,US,Chicago,2024-11-03,Organic Search
C-10456,Chen Brown,chen.brown47@email.com,UK,Manchester,2024-10-14,Paid Search
C-10457,Fatima Smith,fatima.smith31@email.com,US,Austin,2025-01-28,Organic Search
C-10458,Arjun Chen,arjun.chen14@email.com,DE,Munich,2025-08-04,Direct
C-10459,Mia Miller,mia.miller49@email.com,US,Austin,2024-03-28,Paid Search
C-10460,Olivia Clark,olivia.clark74@email.com,US,Chicago,2025-06-02,Direct
C-10461,Yuki Clark,yuki.clark64@email.com,AU,Melbourne,2025-05-09,Organic Search
C-10462,Logan Thomas,logan.thomas84@email.com,UK,Leeds,2024-06-23,Paid Search
C-10463,Mia Moore,mia.moore92@email.com,US,Dallas,2025-07-13,Organic Search
C-10464,Wei Patel,wei.patel56@email.com,DE,Hamburg,2025-08-14,Social Media
C-10465,Elijah Dubois,elijah.dubois30@email.com,US,Phoenix,2025-06-08,Organic Search
C-10466,Isabella Johnson,isabella.johnson76@email.com,US,Austin,2025-02-24,Direct
C-10467,Harper Singh,harper.singh62@email.com,US,Austin,2024-12-06,Email
C-10468,Chen Dubois,chen.dubois77@email.com,DE,Hamburg,2025-03-25,Paid Search
C-10469,Priya Ahmed,priya.ahmed24@email.com,FR,Paris,2025-03-31,Social Media
C-10470,Amelia Martin,amelia.martin49@email.com,US,Dallas,2024-05-25,Email
C-10471,Liam Williams,liam.williams41@email.com,US,LA,2024-08-22,Organic Search
C-10472,Wei Ahmed,wei.ahmed66@email.com,IN,Delhi,2025-01-08,Paid Search
C-10473,Fatima Harris,fatima.harris43@email.com,US,Chicago,2025-02-24,Social Media
C-10474,William White,william.white39@email.com,AU,Brisbane,2025-02-17,Social Media
C-10475,James Kumar,james.kumar65@email.com,AU,Melbourne,2025-04-23,Organic Search
C-10476,Wei Patel,wei.patel71@email.com,AU,Sydney,2024-10-31,Direct
C-10477,Yuki Smith,yuki.smith62@email.com,UK,London,2024-08-11,Organic Search
C-10478,William Jackson,william.jackson76@email.com,US,Austin,2025-01-25,Email
C-10479,Mia Kim,mia.kim72@email.com,UK,London,2024-09-20,Paid Search
C-10480,Liam Martin,liam.martin13@email.com,CA,Vancouver,2025-05-12,Social Media
C-10481,Liam Chen,liam.chen82@email.com,US,LA,2024-12-01,Organic Search
C-10482,Sophia Miller,sophia.miller43@email.com,US,Austin,2025-08-05,Organic Search
C-10483,Hans Davis,hans.davis24@email.com,AU,Sydney,2024-04-14,Social Media
C-10484,Evelyn Thompson,evelyn.thompson44@email.com,CA,Toronto,2024-05-05,Paid Search
C-10485,Priya Brown,priya.brown18@email.com,IN,Mumbai,2024-04-28,Organic Search
C-10486,Charlotte Thompson,charlotte.thompson40@email.com,DE,Berlin,2024-07-21,Paid Search
C-10487,Amelia Patel,amelia.patel23@email.com,UK,London,2024-03-20,Paid Search
C-10488,Isabella Taylor,isabella.taylor77@email.com,AU,Brisbane,2024-03-22,Social Media
C-10489,Fatima Kim,fatima.kim51@email.com,UK,Birmingham,2024-01-09,Paid Search
C-10490,Fatima Lee,fatima.lee91@email.com,US,Houston,2025-04-26,Paid Search
C-10491,Wei Rodriguez,wei.rodriguez29@email.com,CA,Montreal,2024-04-24,Social Media
C-10492,Lucas Tanaka,lucas.tanaka23@email.com,US,Houston,2024-03-05,Email
C-10493,Yuki Garcia,yuki.garcia95@email.com,IN,Mumbai,2025-04-04,Email
C-10494,Benjamin Ahmed,benjamin.ahmed25@email.com,UK,Manchester,2025-07-28,Social Media
C-10495,Isabella Jackson,isabella.jackson93@email.com,DE,Frankfurt,2025-03-02,Paid Search
C-10496,Yuki Lee,yuki.lee62@email.com,US,LA,2024-06-24,Social Media
C-10497,Sophia Clark,sophia.clark28@email.com,FR,Lyon,2024-05-23,Organic Search
C-10498,Wei Miller,wei.miller44@email.com,CA,Toronto,2025-05-24,Organic Search
C-10499,Wei Müller,wei.müller24@email.com,FR,Marseille,2025-07-29,Social Media
C-10500,Charlotte Jones,charlotte.jones31@email.com,US,New York,2024-08-21,Email
C-10501,Hans Rodriguez,hans.rodriguez32@email.com,US,Phoenix,2024-10-18,Social Media
C-10502,Omar Moore,omar.moore86@email.com,UK,Manchester,2024-12-03,Paid Search
C-10503,Olivia Clark,olivia.clark34@email.com,IN,Mumbai,2024-01-30,Email
C-10504,Mason Taylor,mason.taylor57@email.com,US,Chicago,2025-06-14,Paid Search
C-10505,Benjamin Brown,benjamin.brown22@email.com,FR,Paris,2024-08-08,Paid Search
C-10506,Benjamin Kim,benjamin.kim70@email.com,DE,Munich,2025-08-02,Email
C-10507,Harper Singh,harper.singh54@email.com,CA,Montreal,2024-11-19,Social Media
C-10508,Mia Harris,mia.harris46@email.com,US,Dallas,2025-03-09,Direct
C-10509,Isabella Martin,isabella.martin64@email.com,US,New York,2024-08-14,Social Media
C-10510,Amelia Miller,amelia.miller42@email.com,US,Chicago,2025-03-10,Organic Search
C-10511,Sophia Miller,sophia.miller11@email.com,US,Phoenix,2025-04-25,Paid Search
C-10512,Harper Moore,harper.moore57@email.com,IN,Mumbai,2024-05-21,Referral
C-10513,Ava Jones,ava.jones31@email.com,FR,Marseille,2025-05-04,Organic Search
C-10514,Lucas Nguyen,lucas.nguyen24@email.com,FR,Paris,2024-04-26,Email
C-10515,Arjun Thompson,arjun.thompson62@email.com,UK,Birmingham,2025-04-02,Paid Search
C-10516,Sophia Patel,sophia.patel88@email.com,CA,Calgary,2025-03-28,Organic Search
C-10517,Yuki Brown,yuki.brown94@email.com,CA,Montreal,2025-01-30,Email
C-10518,Logan Moore,logan.moore68@email.com,UK,London,2024-07-10,Direct
C-10519,Emma Miller,emma.miller42@email.com,US,Chicago,2024-01-07,Organic Search
C-10520,Raj Nguyen,raj.nguyen39@email.com,CA,Toronto,2025-03-12,Social Media
C-10521,Chen Chen,chen.chen77@email.com,AU,Sydney,2024-05-02,Organic Search
C-10522,Yuki Martinez,yuki.martinez31@email.com,UK,Birmingham,2024-09-23,Organic Search
C-10523,Ava Dubois,ava.dubois31@email.com,AU,Brisbane,2024-01-15,Social Media
C-10524,Elijah Chen,elijah.chen44@email.com,IN,Mumbai,2024-11-06,Social Media
C-10525,Ava Moore,ava.moore77@email.com,US,Dallas,2025-02-01,Referral
C-10526,Hans Tanaka,hans.tanaka78@email.com,US,Austin,2024-08-17,Email
C-10527,Ava Davis,ava.davis45@email.com,AU,Sydney,2025-05-08,Social Media
C-10528,Isabella Garcia,isabella.garcia58@email.com,US,Austin,2025-03-06,Organic Search
C-10529,Chen Ahmed,chen.ahmed17@email.com,IN,Bangalore,2024-07-31,Paid Search
C-10530,Liam Thompson,liam.thompson74@email.com,AU,Brisbane,2024-12-06,Organic Search
C-10531,Hans Martin,hans.martin49@email.com,IN,Delhi,2025-01-06,Organic Search
C-10532,Noah Kim,noah.kim30@email.com,UK,Leeds,2025-08-04,Social Media
C-10533,Raj Jones,raj.jones94@email.com,UK,Manchester,2025-04-01,Social Media
C-10534,James Johnson,james.johnson38@email.com,CA,Calgary,2024-01-24,Paid Search
C-10535,Olivia Martin,olivia.martin71@email.com,US,Phoenix,2025-08-15,Direct
C-10536,Hans Garcia,hans.garcia12@email.com,DE,Munich,2024-12-24,Social Media
C-10537,Hans Jones,hans.jones94@email.com,US,Dallas,2024-05-21,Referral
C-10538,Isabella Kim,isabella.kim96@email.com,US,LA,2024-09-25,Direct
C-10539,Ava Patel,ava.patel72@email.com,DE,Hamburg,2025-06-12,Social Media
C-10540,Yuki Martinez,yuki.martinez26@email.com,US,Austin,2025-06-16,Social Media
C-10541,Omar Tanaka,omar.tanaka13@email.com,CA,Toronto,2024-01-14,Direct
C-10542,Yuki Taylor,yuki.taylor50@email.com,US,Dallas,2024-01-27,Email
C-10543,Oliver Garcia,oliver.garcia92@email.com,FR,Marseille,2024-07-24,Email
C-10544,James Lee,james.lee46@email.com,UK,Leeds,2024-04-15,Direct
C-10545,Lucas Dubois,lucas.dubois34@email.com,US,New York,2024-03-24,Paid Search
C-10546,Emma Clark,emma.clark48@email.com,UK,Leeds,2024-04-15,Organic Search
C-10547,Liam Williams,liam.williams25@email.com,US,Austin,2025-04-30,Organic Search
C-10548,Hans Williams,hans.williams63@email.com,US,Austin,2024-07-18,Email
C-10549,Yuki Thomas,yuki.thomas56@email.com,FR,Paris,2024-03-12,Paid Search
C-10550,Evelyn Davis,evelyn.davis61@email.com,UK,Leeds,2024-12-16,Direct
C-10551,Omar Müller,omar.müller90@email.com,US,LA,2024-07-25,Organic Search
C-10552,Benjamin Thompson,benjamin.thompson61@email.com,US,Phoenix,2025-07-10,Organic Search
C-10553,Isabella Miller,isabella.miller15@email.com,DE,Frankfurt,2025-04-25,Referral
C-10554,Ava Singh,ava.singh43@email.com,DE,Frankfurt,2024-02-11,Email
C-10555,Liam Patel,liam.patel33@email.com,DE,Hamburg,2025-03-30,Paid Search
C-10556,Priya Harris,priya.harris79@email.com,AU,Sydney,2024-04-18,Direct
C-10557,Evelyn Rodriguez,evelyn.rodriguez72@email.com,IN,Mumbai,2025-01-09,Organic Search
C-10558,Fatima Chen,fatima.chen94@email.com,UK,Leeds,2025-05-25,Paid Search
C-10559,Charlotte Singh,charlotte.singh30@email.com,AU,Melbourne,2024-03-25,Email
C-10560,Logan Tanaka,logan.tanaka99@email.com,DE,Berlin,2024-11-03,Organic Search
C-10561,Raj Harris,raj.harris41@email.com,AU,Brisbane,2024-05-20,Paid Search
C-10562,Marie Tanaka,marie.tanaka18@email.com,UK,London,2024-09-03,Paid Search
C-10563,Emma Dubois,emma.dubois40@email.com,DE,Munich,2024-05-02,Paid Search
C-10564,Raj Taylor,raj.taylor84@email.com,CA,Montreal,2025-01-11,Social Media
C-10565,Noah Moore,noah.moore32@email.com,UK,Manchester,2024-10-04,Social Media
C-10566,Mia Smith,mia.smith80@email.com,IN,Delhi,2025-02-04,Direct
C-10567,Isabella Martin,isabella.martin33@email.com,US,New York,2024-05-18,Organic Search
C-10568,Hans Clark,hans.clark58@email.com,US,New York,2024-08-18,Organic Search
C-10569,Emma Garcia,emma.garcia97@email.com,FR,Lyon,2024-05-23,Organic Search
C-10570,Priya Martin,priya.martin55@email.com,FR,Marseille,2024-05-21,Email
C-10571,Amelia Kim,amelia.kim85@email.com,AU,Brisbane,2024-04-14,Social Media
C-10572,Chen Chen,chen.chen79@email.com,US,LA,2025-01-04,Referral
C-10573,James Kumar,james.kumar41@email.com,US,Phoenix,2024-03-15,Email
C-10574,Omar Martinez,omar.martinez73@email.com,US,LA,2025-02-03,Paid Search
C-10575,Charlotte Patel,charlotte.patel33@email.com,DE,Frankfurt,2025-04-24,Email
C-10576,Liam Jackson,liam.jackson36@email.com,US,Chicago,2024-05-23,Direct
C-10577,Liam Patel,liam.patel24@email.com,US,Chicago,2024-08-19,Direct
C-10578,Logan Patel,logan.patel71@email.com,US,Dallas,2024-05-09,Social Media
C-10579,Noah Ahmed,noah.ahmed37@email.com,IN,Delhi,2025-06-08,Organic Search
C-10580,William Clark,william.clark81@email.com,UK,Leeds,2025-05-06,Social Media
C-10581,Isabella Patel,isabella.patel51@email.com,FR,Lyon,2025-01-05,Paid Search
C-10582,Chen Thompson,chen.thompson32@email.com,US,Chicago,2025-02-24,Paid Search
C-10583,Noah Williams,noah.williams63@email.com,FR,Lyon,2024-10-26,Social Media
C-10584,Sophia Johnson,sophia.johnson96@email.com,US,LA,2024-07-09,Organic Search
C-10585,Chen Thomas,chen.thomas30@email.com,AU,Sydney,2025-03-06,Email
C-10586,Liam Kumar,liam.kumar12@email.com,US,LA,2024-12-29,Social Media
C-10587,Hans Thomas,hans.thomas90@email.com,CA,Vancouver,2024-02-19,Direct
C-10588,Amelia Thomas,amelia.thomas48@email.com,US,New York,2025-07-19,Direct
C-10589,Fatima Thompson,fatima.thompson98@email.com,US,Phoenix,2024-11-27,Paid Search
C-10590,Amelia Miller,amelia.miller67@email.com,US,Houston,2024-03-02,Social Media
C-10591,Mason Martin,mason.martin72@email.com,US,Chicago,2024-10-01,Social Media
C-10592,Mia Kumar,mia.kumar26@email.com,IN,Delhi,2024-09-05,Organic Search
C-10593,Amelia Moore,amelia.moore26@email.com,IN,Mumbai,2024-11-11,Email
C-10594,Fatima Martinez,fatima.martinez45@email.com,DE,Munich,2025-02-18,Organic Search
C-10595,Noah Kumar,noah.kumar21@email.com,US,LA,2024-10-06,Email
C-10596,Wei Williams,wei.williams27@email.com,CA,Vancouver,2025-06-06,Organic Search
C-10597,Ava Davis,ava.davis19@email.com,US,New York,2025-02-11,Paid Search
C-10598,Benjamin Ahmed,benjamin.ahmed78@email.com,CA,Montreal,2025-05-14,Email
C-10599,Sophia Miller,sophia.miller57@email.com,FR,Paris,2025-01-31,Organic Search
C-10600,Isabella Lee,isabella.lee72@email.com,US,Phoenix,2025-03-23,Social Media
C-10601,Elijah Harris,elijah.harris73@email.com,UK,Leeds,2024-06-23,Referral
C-10602,Omar Thomas,omar.thomas44@email.com,AU,Brisbane,2024-07-05,Direct
C-10603,William Thompson,william.thompson60@email.com,US,Dallas,2025-01-25,Organic Search
C-10604,Evelyn Smith,evelyn.smith44@email.com,IN,Mumbai,2024-10-16,Paid Search
C-10605,Hans Thompson,hans.thompson35@email.com,US,Chicago,2024-07-19,Direct
C-10606,Marie Williams,marie.williams55@email.com,CA,Vancouver,2025-03-14,Paid Search
C-10607,William Jackson,william.jackson92@email.com,US,Dallas,2024-06-24,Direct
C-10608,Ava Martinez,ava.martinez45@email.com,US,Phoenix,2024-05-14,Direct
C-10609,Benjamin Martinez,benjamin.martinez35@email.com,UK,Birmingham,2025-08-06,Paid Search
C-10610,Elijah Brown,elijah.brown19@email.com,US,Houston,2024-10-10,Paid Search
C-10611,Priya Singh,priya.singh92@email.com,FR,Marseille,2024-11-19,Organic Search
C-10612,Evelyn Dubois,evelyn.dubois53@email.com,AU,Sydney,2024-04-18,Organic Search
C-10613,Isabella Rodriguez,isabella.rodriguez72@email.com,US,LA,2024-08-04,Paid Search
C-10614,Omar Harris,omar.harris66@email.com,FR,Paris,2024-05-22,Organic Search
C-10615,Logan Kumar,logan.kumar83@email.com,US,Dallas,2024-10-16,Organic Search
C-10616,Emma Miller,emma.miller40@email.com,FR,Lyon,2024-06-06,Direct
C-10617,Mason White,mason.white45@email.com,US,Austin,2025-03-18,Email
C-10618,Amelia Martin,amelia.martin11@email.com,IN,Bangalore,2025-01-21,Direct
C-10619,Amelia Brown,amelia.brown35@email.com,US,LA,2024-09-21,Organic Search
C-10620,Evelyn Lee,evelyn.lee57@email.com,US,LA,2024-01-04,Organic Search
C-10621,Harper Martinez,harper.martinez99@email.com,AU,Sydney,2024-06-10,Organic Search
C-10622,Wei Müller,wei.müller42@email.com,CA,Montreal,2024-04-30,Organic Search
C-10623,William Ahmed,william.ahmed49@email.com,US,Chicago,2024-04-26,Email
C-10624,Noah Jones,noah.jones35@email.com,US,Chicago,2025-03-09,Organic Search
C-10625,Mia Williams,mia.williams50@email.com,CA,Montreal,2025-01-04,Organic Search
C-10626,Raj Patel,raj.patel43@email.com,US,New York,2025-02-17,Organic Search
C-10627,Isabella Lee,isabella.lee40@email.com,US,LA,2024-01-16,Referral
C-10628,William White,william.white34@email.com,US,Phoenix,2024-12-10,Social Media
C-10629,James Nguyen,james.nguyen90@email.com,US,Phoenix,2025-07-14,Social Media
C-10630,Evelyn Miller,evelyn.miller30@email.com,US,Chicago,2025-04-06,Paid Search
C-10631,Mia Moore,mia.moore63@email.com,US,Austin,2024-01-03,Email
C-10632,Marie Martin,marie.martin17@email.com,US,Dallas,2025-07-02,Organic Search
C-10633,Lucas Martinez,lucas.martinez24@email.com,US,LA,2024-10-22,Paid Search
C-10634,Benjamin Martin,benjamin.martin77@email.com,US,Chicago,2024-08-19,Email
C-10635,William Williams,william.williams95@email.com,UK,London,2024-10-14,Organic Search
C-10636,Mason Kumar,mason.kumar66@email.com,DE,Frankfurt,2025-02-13,Email
C-10637,Evelyn Garcia,evelyn.garcia87@email.com,US,Chicago,2024-05-16,Paid Search
C-10638,Fatima Johnson,fatima.johnson44@email.com,UK,Leeds,2024-07-28,Social Media
C-10639,Marie Tanaka,marie.tanaka24@email.com,AU,Melbourne,2024-11-15,Email
C-10640,Liam Harris,liam.harris50@email.com,DE,Munich,2025-08-21,Email
C-10641,Amelia Martin,amelia.martin36@email.com,IN,Mumbai,2025-07-19,Paid Search
C-10642,Mia Moore,mia.moore95@email.com,FR,Lyon,2025-07-03,Referral
C-10643,Olivia Garcia,olivia.garcia46@email.com,FR,Paris,2024-10-22,Paid Search
C-10644,James Williams,james.williams59@email.com,US,New York,2024-05-11,Paid Search
C-10645,Noah Dubois,noah.dubois31@email.com,US,Chicago,2025-04-05,Email
C-10646,Logan Dubois,logan.dubois29@email.com,US,Phoenix,2024-05-11,Paid Search
C-10647,Omar Moore,omar.moore77@email.com,US,Houston,2024-09-28,Referral
C-10648,Olivia Tanaka,olivia.tanaka10@email.com,US,Chicago,2024-10-22,Social Media
C-10649,Isabella White,isabella.white53@email.com,US,Phoenix,2024-07-28,Direct
C-10650,Benjamin Ahmed,benjamin.ahmed62@email.com,US,Dallas,2024-04-23,Paid Search
C-10651,Mia Thomas,mia.thomas59@email.com,FR,Paris,2025-07-18,Social Media
C-10652,Sophia Smith,sophia.smith85@email.com,IN,Delhi,2024-11-17,Referral
C-10653,Sophia Dubois,sophia.dubois69@email.com,US,Chicago,2024-01-01,Social Media
C-10654,Raj Ahmed,raj.ahmed65@email.com,IN,Bangalore,2024-12-07,Direct
C-10655,Mason Brown,mason.brown12@email.com,US,Dallas,2024-09-17,Paid Search
C-10656,Fatima Rodriguez,fatima.rodriguez35@email.com,US,LA,2024-05-22,Paid Search
C-10657,Raj Miller,raj.miller24@email.com,US,Houston,2025-03-23,Paid Search
C-10658,Logan Williams,logan.williams47@email.com,UK,Manchester,2024-05-09,Paid Search
C-10659,Chen Martin,chen.martin38@email.com,UK,London,2025-07-15,Referral
C-10660,Benjamin Rodriguez,benjamin.rodriguez87@email.com,AU,Sydney,2024-02-02,Email
C-10661,James Smith,james.smith24@email.com,US,Chicago,2024-02-19,Email
C-10662,Wei Moore,wei.moore53@email.com,FR,Paris,2025-01-17,Email
C-10663,Priya Tanaka,priya.tanaka26@email.com,DE,Frankfurt,2025-05-15,Organic Search
C-10664,Yuki Garcia,yuki.garcia25@email.com,UK,Birmingham,2024-03-27,Paid Search
C-10665,Chen Harris,chen.harris30@email.com,US,New York,2024-08-18,Email
C-10666,James Martin,james.martin45@email.com,US,Chicago,2025-04-12,Organic Search
C-10667,Olivia Harris,olivia.harris36@email.com,AU,Melbourne,2025-07-15,Referral
C-10668,Marie Harris,marie.harris16@email.com,UK,Birmingham,2024-10-05,Organic Search
C-10669,Liam Miller,liam.miller65@email.com,CA,Vancouver,2025-02-27,Organic Search
C-10670,William Dubois,william.dubois83@email.com,US,Dallas,2024-06-03,Paid Search
C-10671,Arjun Dubois,arjun.dubois34@email.com,US,Houston,2024-07-03,Social Media
C-10672,Evelyn Lee,evelyn.lee27@email.com,US,Dallas,2025-04-15,Paid Search
C-10673,Hans Patel,hans.patel24@email.com,US,New York,2025-06-17,Direct
C-10674,Omar Nguyen,omar.nguyen43@email.com,US,New York,2025-04-19,Organic Search
C-10675,Charlotte Smith,charlotte.smith43@email.com,UK,London,2024-06-20,Referral
C-10676,Mia Jones,mia.jones26@email.com,US,LA,2024-05-26,Paid Search
C-10677,Benjamin Dubois,benjamin.dubois22@email.com,DE,Berlin,2025-07-04,Social Media
C-10678,William Taylor,william.taylor53@email.com,FR,Paris,2024-08-01,Organic Search
C-10679,James Lee,james.lee89@email.com,CA,Toronto,2024-04-24,Social Media
C-10680,Mason Martinez,mason.martinez35@email.com,CA,Montreal,2025-02-25,Paid Search
C-10681,Charlotte Tanaka,charlotte.tanaka32@email.com,US,New York,2024-08-11,Organic Search
C-10682,Logan Smith,logan.smith81@email.com,FR,Paris,2024-09-16,Referral
C-10683,Oliver Johnson,oliver.johnson49@email.com,FR,Paris,2025-07-14,Social Media
C-10684,Noah Tanaka,noah.tanaka82@email.com,UK,Manchester,2025-07-25,Paid Search
C-10685,Charlotte Kumar,charlotte.kumar85@email.com,US,Phoenix,2025-08-16,Social Media
C-10686,Fatima Patel,fatima.patel88@email.com,UK,Leeds,2025-01-07,Paid Search
C-10687,Wei Taylor,wei.taylor59@email.com,FR,Lyon,2024-05-18,Email
C-10688,Yuki Nguyen,yuki.nguyen51@email.com,US,LA,2024-09-25,Social Media
C-10689,Chen Singh,chen.singh94@email.com,DE,Munich,2025-01-07,Organic Search
C-10690,Hans Ahmed,hans.ahmed56@email.com,US,Dallas,2024-10-12,Organic Search
C-10691,Omar White,omar.white40@email.com,CA,Vancouver,2024-04-20,Social Media
C-10692,Chen Garcia,chen.garcia79@email.com,US,Chicago,2025-08-02,Direct
C-10693,Sophia Thompson,sophia.thompson44@email.com,US,Chicago,2024-10-21,Paid Search
C-10694,Yuki Patel,yuki.patel76@email.com,US,LA,2024-11-14,Organic Search
C-10695,Lucas Garcia,lucas.garcia23@email.com,AU,Sydney,2024-07-05,Paid Search
C-10696,Marie Nguyen,marie.nguyen54@email.com,US,Houston,2025-03-16,Organic Search
C-10697,Marie Johnson,marie.johnson39@email.com,US,LA,2024-08-14,Paid Search
C-10698,Oliver Garcia,oliver.garcia38@email.com,US,Houston,2024-10-22,Organic Search
C-10699,Yuki Brown,yuki.brown48@email.com,US,New York,2024-12-29,Social Media
C-10700,Mia Williams,mia.williams79@email.com,UK,Leeds,2025-01-05,Organic Search
C-10701,Noah Davis,noah.davis83@email.com,FR,Paris,2024-12-23,Social Media
C-10702,Harper Miller,harper.miller72@email.com,DE,Hamburg,2025-08-20,Paid Search
C-10703,Fatima Davis,fatima.davis10@email.com,UK,Manchester,2025-02-11,Social Media
C-10704,Amelia Taylor,amelia.taylor51@email.com,DE,Munich,2024-05-12,Social Media
C-10705,Benjamin Jackson,benjamin.jackson53@email.com,AU,Brisbane,2024-03-29,Paid Search
C-10706,Mason Nguyen,mason.nguyen47@email.com,CA,Toronto,2024-07-19,Direct
C-10707,Chen Jackson,chen.jackson54@email.com,US,Houston,2024-11-16,Organic Search
C-10708,Isabella Jones,isabella.jones70@email.com,UK,Birmingham,2024-06-14,Email
C-10709,Omar Ahmed,omar.ahmed30@email.com,IN,Delhi,2025-04-13,Organic Search
C-10710,Raj Chen,raj.chen93@email.com,US,Chicago,2024-09-03,Social Media
C-10711,Evelyn Clark,evelyn.clark36@email.com,US,Chicago,2025-08-02,Paid Search
C-10712,Chen Brown,chen.brown49@email.com,FR,Marseille,2025-04-08,Social Media
C-10713,Amelia Tanaka,amelia.tanaka77@email.com,FR,Paris,2024-04-07,Paid Search
C-10714,Olivia Jackson,olivia.jackson23@email.com,US,Chicago,2024-12-30,Paid Search
C-10715,Mia Thompson,mia.thompson41@email.com,US,Phoenix,2024-12-09,Organic Search
C-10716,Priya Garcia,priya.garcia55@email.com,UK,Manchester,2024-10-10,Organic Search
C-10717,Yuki Müller,yuki.müller73@email.com,AU,Sydney,2025-05-09,Organic Search
C-10718,Sophia Nguyen,sophia.nguyen45@email.com,FR,Paris,2025-04-09,Social Media
C-10719,Marie Taylor,marie.taylor28@email.com,CA,Montreal,2024-02-18,Paid Search
C-10720,Wei Thomas,wei.thomas75@email.com,CA,Montreal,2024-12-31,Direct
C-10721,Priya Nguyen,priya.nguyen49@email.com,AU,Melbourne,2024-05-04,Organic Search
C-10722,Liam Kim,liam.kim94@email.com,US,Dallas,2024-11-27,Social Media
C-10723,Olivia Martinez,olivia.martinez95@email.com,DE,Hamburg,2024-04-07,Organic Search
C-10724,Fatima Müller,fatima.müller69@email.com,UK,Leeds,2025-01-04,Social Media
C-10725,Sophia Nguyen,sophia.nguyen44@email.com,US,Phoenix,2025-04-27,Referral
C-10726,Mason Jackson,mason.jackson58@email.com,DE,Hamburg,2024-03-26,Paid Search
C-10727,Chen Brown,chen.brown17@email.com,US,LA,2025-03-03,Paid Search
C-10728,Yuki Davis,yuki.davis96@email.com,US,LA,2024-03-30,Social Media
C-10729,Oliver Moore,oliver.moore94@email.com,US,Chicago,2024-10-12,Paid Search
C-10730,Olivia Kumar,olivia.kumar42@email.com,CA,Vancouver,2025-04-08,Paid Search
C-10731,Olivia Dubois,olivia.dubois49@email.com,UK,Birmingham,2024-08-26,Email
C-10732,Evelyn Williams,evelyn.williams17@email.com,DE,Berlin,2024-10-26,Referral
C-10733,Mia Lee,mia.lee95@email.com,DE,Hamburg,2025-01-22,Direct
C-10734,Omar Thomas,omar.thomas75@email.com,US,Austin,2024-07-15,Organic Search
C-10735,Ava Jackson,ava.jackson64@email.com,DE,Frankfurt,2025-08-23,Organic Search
C-10736,Mia Kim,mia.kim50@email.com,US,Austin,2024-05-30,Direct
C-10737,Marie Taylor,marie.taylor48@email.com,US,LA,2024-08-20,Social Media
C-10738,Liam Kumar,liam.kumar45@email.com,CA,Toronto,2025-03-22,Direct
C-10739,Wei Martinez,wei.martinez13@email.com,CA,Vancouver,2025-03-04,Social Media
C-10740,Fatima Dubois,fatima.dubois15@email.com,AU,Melbourne,2025-06-27,Direct
C-10741,Amelia Kim,amelia.kim91@email.com,DE,Munich,2024-01-14,Email
C-10742,Amelia Chen,amelia.chen10@email.com,US,Phoenix,2025-01-10,Social Media
C-10743,Omar Singh,omar.singh75@email.com,US,LA,2025-01-09,Organic Search
C-10744,Raj Jones,raj.jones27@email.com,DE,Frankfurt,2024-08-11,Social Media
C-10745,Priya Dubois,priya.dubois95@email.com,US,Chicago,2024-05-03,Paid Search
C-10746,Chen Jones,chen.jones92@email.com,UK,Leeds,2025-03-06,Organic Search
C-10747,Isabella Chen,isabella.chen36@email.com,US,Chicago,2024-08-03,Direct
C-10748,Charlotte Brown,charlotte.brown14@email.com,UK,Manchester,2024-03-20,Direct
C-10749,Yuki Moore,yuki.moore23@email.com,US,Chicago,2024-08-24,Social Media
C-10750,Emma Lee,emma.lee42@email.com,US,New York,2025-03-04,Organic Search
C-10751,Harper Tanaka,harper.tanaka38@email.com,FR,Marseille,2024-07-11,Organic Search
C-10752,Noah Garcia,noah.garcia28@email.com,US,Phoenix,2024-02-27,Referral
C-10753,Priya Müller,priya.müller67@email.com,UK,Birmingham,2025-01-07,Paid Search
C-10754,Amelia Tanaka,amelia.tanaka40@email.com,IN,Delhi,2024-10-30,Referral
C-10755,Oliver Müller,oliver.müller44@email.com,UK,Leeds,2024-09-03,Organic Search
C-10756,Mia Martinez,mia.martinez51@email.com,UK,London,2024-09-11,Organic Search
C-10757,Noah Müller,noah.müller76@email.com,US,LA,2024-10-11,Organic Search
C-10758,Benjamin Patel,benjamin.patel30@email.com,UK,Leeds,2024-07-04,Direct
C-10759,Emma Singh,emma.singh91@email.com,US,Chicago,2025-01-23,Organic Search
C-10760,Yuki Clark,yuki.clark65@email.com,US,New York,2024-04-01,Direct
C-10761,Olivia Thompson,olivia.thompson28@email.com,FR,Paris,2024-12-02,Paid Search
C-10762,Elijah Davis,elijah.davis37@email.com,US,Houston,2025-03-15,Organic Search
C-10763,Harper White,harper.white22@email.com,CA,Toronto,2024-04-04,Organic Search
C-10764,Lucas Thompson,lucas.thompson56@email.com,DE,Berlin,2025-06-18,Paid Search
C-10765,Yuki Chen,yuki.chen53@email.com,DE,Munich,2025-04-20,Direct
C-10766,Marie Kumar,marie.kumar53@email.com,CA,Toronto,2024-03-13,Social Media
C-10767,Isabella Garcia,isabella.garcia39@email.com,FR,Marseille,2025-05-03,Email
C-10768,Benjamin Taylor,benjamin.taylor59@email.com,US,Dallas,2024-11-22,Referral
C-10769,Elijah Garcia,elijah.garcia53@email.com,US,Phoenix,2024-10-23,Paid Search
C-10770,James Kumar,james.kumar31@email.com,UK,Birmingham,2025-02-16,Direct
C-10771,Harper Chen,harper.chen84@email.com,UK,Manchester,2025-06-03,Organic Search
C-10772,Chen Singh,chen.singh39@email.com,CA,Calgary,2025-03-28,Organic Search
C-10773,Arjun Johnson,arjun.johnson44@email.com,US,Dallas,2025-07-09,Email
C-10774,Benjamin Singh,benjamin.singh98@email.com,US,LA,2025-03-27,Social Media
C-10775,Logan Harris,logan.harris90@email.com,AU,Brisbane,2024-07-23,Paid Search
C-10776,Lucas Müller,lucas.müller88@email.com,US,Austin,2025-06-21,Organic Search
C-10777,Omar Rodriguez,omar.rodriguez76@email.com,US,New York,2024-08-26,Referral
C-10778,Amelia Nguyen,amelia.nguyen46@email.com,US,LA,2025-06-18,Paid Search
C-10779,Emma Martinez,emma.martinez99@email.com,US,Austin,2025-06-17,Referral
C-10780,Charlotte Nguyen,charlotte.nguyen91@email.com,US,New York,2025-07-03,Social Media
C-10781,Sophia Smith,sophia.smith59@email.com,CA,Vancouver,2025-08-10,Paid Search
C-10782,Evelyn Clark,evelyn.clark21@email.com,UK,Birmingham,2025-01-21,Organic Search
C-10783,Omar Tanaka,omar.tanaka51@email.com,DE,Hamburg,2024-01-23,Social Media
C-10784,Arjun Thomas,arjun.thomas70@email.com,US,Chicago,2024-03-02,Direct
C-10785,Logan Smith,logan.smith88@email.com,FR,Marseille,2024-04-23,Email
C-10786,Liam Taylor,liam.taylor96@email.com,FR,Marseille,2024-12-08,Direct
C-10787,Arjun Martin,arjun.martin70@email.com,CA,Toronto,2024-07-14,Social Media
C-10788,Olivia Ahmed,olivia.ahmed46@email.com,US,Phoenix,2024-08-01,Email
C-10789,Logan Kumar,logan.kumar51@email.com,US,New York,2025-08-20,Paid Search
C-10790,Marie Kim,marie.kim96@email.com,US,Phoenix,2025-07-15,Social Media
C-10791,William Thomas,william.thomas44@email.com,US,Austin,2025-07-31,Direct
C-10792,Raj Harris,raj.harris95@email.com,AU,Brisbane,2025-03-30,Email
C-10793,Ava Thomas,ava.thomas11@email.com,UK,Leeds,2024-02-20,Organic Search
C-10794,Wei Martinez,wei.martinez15@email.com,US,New York,2025-03-15,Social Media
C-10795,James Jones,james.jones67@email.com,AU,Sydney,2024-03-09,Paid Search
C-10796,Harper Martinez,harper.martinez17@email.com,US,LA,2025-01-15,Organic Search
C-10797,Chen Taylor,chen.taylor95@email.com,DE,Berlin,2024-09-04,Referral
C-10798,Sophia Williams,sophia.williams57@email.com,US,Houston,2024-02-27,Organic Search
C-10799,Isabella Nguyen,isabella.nguyen66@email.com,CA,Vancouver,2025-01-01,Organic Search
C-10800,Lucas Müller,lucas.müller49@email.com,US,Chicago,2025-05-22,Referral
C-10801,Oliver Dubois,oliver.dubois83@email.com,US,Chicago,2024-08-28,Organic Search
C-10802,Raj Patel,raj.patel43@email.com,CA,Calgary,2024-04-09,Paid Search
C-10803,James Thomas,james.thomas49@email.com,US,Phoenix,2025-06-04,Organic Search
C-10804,Benjamin Lee,benjamin.lee96@email.com,US,LA,2025-01-03,Paid Search
C-10805,Marie Garcia,marie.garcia43@email.com,UK,Birmingham,2024-12-17,Organic Search
C-10806,Raj White,raj.white35@email.com,US,Phoenix,2025-02-10,Social Media
C-10807,Raj Dubois,raj.dubois62@email.com,DE,Hamburg,2025-05-26,Direct
C-10808,Elijah Smith,elijah.smith68@email.com,US,Chicago,2024-12-06,Direct
C-10809,Mia Müller,mia.müller90@email.com,DE,Frankfurt,2024-06-13,Email
C-10810,Raj Singh,raj.singh41@email.com,US,Houston,2024-08-17,Email
C-10811,Isabella Moore,isabella.moore96@email.com,US,Phoenix,2025-06-25,Referral
C-10812,Sophia Müller,sophia.müller50@email.com,UK,Manchester,2024-10-06,Direct
C-10813,Emma Jackson,emma.jackson29@email.com,DE,Hamburg,2024-09-04,Direct
C-10814,Amelia Davis,amelia.davis63@email.com,DE,Berlin,2024-06-15,Social Media
C-10815,Wei Jones,wei.jones64@email.com,IN,Delhi,2025-01-29,Organic Search
C-10816,Chen Smith,chen.smith60@email.com,US,Phoenix,2025-07-17,Organic Search
C-10817,William Garcia,william.garcia73@email.com,IN,Delhi,2024-09-20,Paid Search
C-10818,Emma Taylor,emma.taylor10@email.com,US,Austin,2024-04-03,Direct
C-10819,Hans Lee,hans.lee73@email.com,US,Chicago,2024-08-13,Social Media
C-10820,Olivia Kumar,olivia.kumar91@email.com,AU,Melbourne,2025-01-02,Organic Search
C-10821,Oliver Miller,oliver.miller59@email.com,US,New York,2024-05-26,Direct
C-10822,Marie Martinez,marie.martinez65@email.com,CA,Montreal,2025-06-28,Organic Search
C-10823,Liam Thomas,liam.thomas27@email.com,DE,Berlin,2024-06-05,Organic Search
C-10824,Ava Miller,ava.miller65@email.com,UK,Leeds,2025-07-18,Paid Search
C-10825,Lucas Dubois,lucas.dubois68@email.com,US,Houston,2025-05-13,Social Media
C-10826,Sophia Patel,sophia.patel59@email.com,US,Phoenix,2024-02-13,Email
C-10827,Mia Miller,mia.miller38@email.com,DE,Hamburg,2025-05-23,Organic Search
C-10828,Noah Jones,noah.jones21@email.com,UK,Manchester,2025-01-23,Organic Search
C-10829,Raj Thompson,raj.thompson86@email.com,US,New York,2024-10-02,Paid Search
C-10830,Ava Martin,ava.martin54@email.com,US,Phoenix,2024-10-13,Direct
C-10831,Lucas Thomas,lucas.thomas97@email.com,US,New York,2025-04-14,Email
C-10832,Wei White,wei.white76@email.com,US,New York,2025-03-06,Social Media
C-10833,Isabella Rodriguez,isabella.rodriguez53@email.com,US,Chicago,2025-04-14,Social Media
C-10834,Lucas Davis,lucas.davis71@email.com,UK,Birmingham,2024-02-14,Organic Search
C-10835,Harper Kim,harper.kim37@email.com,US,Austin,2024-05-15,Email
C-10836,Mia Patel,mia.patel34@email.com,US,Houston,2025-06-13,Social Media
C-10837,Logan Kim,logan.kim40@email.com,UK,Manchester,2025-02-26,Social Media
C-10838,Arjun Nguyen,arjun.nguyen92@email.com,IN,Delhi,2024-10-06,Paid Search
C-10839,Hans Harris,hans.harris88@email.com,FR,Paris,2024-10-11,Paid Search
C-10840,Arjun Jackson,arjun.jackson97@email.com,US,Dallas,2024-02-17,Social Media
C-10841,William White,william.white95@email.com,IN,Bangalore,2025-03-17,Email
C-10842,Lucas Patel,lucas.patel86@email.com,US,Houston,2024-03-08,Direct
C-10843,Evelyn Müller,evelyn.müller21@email.com,FR,Lyon,2024-10-10,Organic Search
C-10844,Isabella Moore,isabella.moore54@email.com,US,Chicago,2025-07-26,Organic Search
C-10845,Sophia Müller,sophia.müller42@email.com,UK,Birmingham,2025-05-06,Social Media
C-10846,Benjamin Dubois,benjamin.dubois57@email.com,CA,Montreal,2024-10-12,Email
C-10847,Hans Clark,hans.clark39@email.com,US,Houston,2025-03-25,Email
C-10848,Sophia Kim,sophia.kim22@email.com,AU,Melbourne,2025-03-24,Organic Search
C-10849,William Rodriguez,william.rodriguez37@email.com,IN,Bangalore,2024-07-04,Organic Search
C-10850,Fatima Ahmed,fatima.ahmed40@email.com,DE,Frankfurt,2024-08-27,Email
C-10851,Hans Miller,hans.miller88@email.com,DE,Frankfurt,2024-04-08,Organic Search
C-10852,Harper Martin,harper.martin20@email.com,AU,Sydney,2024-08-16,Social Media
C-10853,Logan Kumar,logan.kumar37@email.com,US,Dallas,2024-01-17,Social Media
C-10854,Wei Moore,wei.moore83@email.com,UK,Manchester,2024-10-23,Social Media
C-10855,William Tanaka,william.tanaka99@email.com,US,Phoenix,2024-04-26,Social Media
C-10856,Oliver Thompson,oliver.thompson19@email.com,CA,Calgary,2024-07-11,Organic Search
C-10857,Mia Singh,mia.singh24@email.com,UK,Manchester,2024-11-19,Referral
C-10858,Mason Brown,mason.brown90@email.com,DE,Hamburg,2024-02-20,Paid Search
C-10859,Priya Smith,priya.smith78@email.com,AU,Brisbane,2024-03-16,Paid Search
C-10860,Wei Clark,wei.clark94@email.com,UK,Manchester,2025-05-07,Paid Search
C-10861,Mia Davis,mia.davis14@email.com,US,New York,2025-07-21,Email
C-10862,Sophia Miller,sophia.miller87@email.com,US,LA,2024-03-21,Paid Search
C-10863,Oliver Davis,oliver.davis53@email.com,US,Phoenix,2024-10-25,Social Media
C-10864,Evelyn Müller,evelyn.müller85@email.com,US,New York,2024-02-29,Email
C-10865,Mason Jackson,mason.jackson84@email.com,US,Dallas,2025-02-01,Paid Search
C-10866,Elijah Jackson,elijah.jackson87@email.com,UK,Leeds,2024-10-11,Direct
C-10867,Mason Singh,mason.singh32@email.com,UK,Leeds,2025-07-19,Referral
C-10868,Harper White,harper.white59@email.com,US,LA,2025-02-03,Email
C-10869,Evelyn Chen,evelyn.chen10@email.com,US,Phoenix,2024-04-03,Paid Search
C-10870,Evelyn Kumar,evelyn.kumar41@email.com,DE,Munich,2024-01-08,Referral
C-10871,Charlotte Lee,charlotte.lee46@email.com,UK,Birmingham,2025-05-22,Direct
C-10872,Mason Patel,mason.patel33@email.com,US,Austin,2025-01-01,Organic Search
C-10873,Liam Martin,liam.martin35@email.com,US,Phoenix,2024-11-23,Email
C-10874,Chen Kumar,chen.kumar19@email.com,UK,Manchester,2025-03-16,Direct
C-10875,Charlotte Moore,charlotte.moore34@email.com,UK,Leeds,2025-01-08,Referral
C-10876,Liam Chen,liam.chen81@email.com,IN,Bangalore,2025-07-03,Organic Search
C-10877,Harper Rodriguez,harper.rodriguez84@email.com,AU,Sydney,2025-05-29,Paid Search
C-10878,Yuki Smith,yuki.smith12@email.com,US,New York,2025-01-19,Direct
C-10879,Ava Clark,ava.clark50@email.com,US,Houston,2024-01-06,Organic Search
C-10880,Omar Harris,omar.harris46@email.com,DE,Hamburg,2025-06-26,Paid Search
C-10881,Raj Chen,raj.chen81@email.com,UK,Leeds,2025-02-06,Direct
C-10882,Elijah Johnson,elijah.johnson65@email.com,DE,Munich,2025-05-07,Social Media
C-10883,Fatima Nguyen,fatima.nguyen86@email.com,US,LA,2024-06-13,Direct
C-10884,Amelia Miller,amelia.miller11@email.com,UK,Birmingham,2025-03-22,Paid Search
C-10885,Chen Brown,chen.brown70@email.com,US,Chicago,2025-04-09,Paid Search
C-10886,Ava Martin,ava.martin99@email.com,IN,Delhi,2025-02-19,Direct
C-10887,Mia Jones,mia.jones47@email.com,US,Austin,2024-12-08,Organic Search
C-10888,Mia Martinez,mia.martinez52@email.com,US,Austin,2025-03-06,Email
C-10889,Yuki Clark,yuki.clark25@email.com,US,Dallas,2025-02-20,Social Media
C-10890,Olivia Patel,olivia.patel11@email.com,US,LA,2024-12-24,Organic Search
C-10891,Emma Patel,emma.patel81@email.com,US,Houston,2024-01-11,Email
C-10892,Elijah Clark,elijah.clark21@email.com,IN,Delhi,2024-09-20,Paid Search
C-10893,Mia Thompson,mia.thompson46@email.com,US,Houston,2025-06-11,Paid Search
C-10894,Ava Kumar,ava.kumar59@email.com,US,LA,2024-04-24,Direct
C-10895,William Taylor,william.taylor82@email.com,AU,Brisbane,2025-06-26,Direct
C-10896,Mason Williams,mason.williams26@email.com,US,Phoenix,2025-01-24,Email
C-10897,Amelia White,amelia.white76@email.com,AU,Brisbane,2024-05-19,Direct
C-10898,Mason Davis,mason.davis43@email.com,UK,Manchester,2025-04-10,Organic Search
C-10899,Marie Chen,marie.chen92@email.com,AU,Brisbane,2024-01-24,Email
C-10900,Mia Taylor,mia.taylor78@email.com,US,Chicago,2025-01-17,Paid Search
C-10901,Emma Ahmed,emma.ahmed98@email.com,US,New York,2024-08-01,Email
C-10902,Raj Thompson,raj.thompson85@email.com,US,Houston,2024-05-01,Referral
C-10903,Benjamin Thomas,benjamin.thomas71@email.com,US,Chicago,2025-05-08,Paid Search
C-10904,Lucas Dubois,lucas.dubois67@email.com,US,Dallas,2024-01-11,Organic Search
C-10905,Olivia White,olivia.white77@email.com,UK,Birmingham,2024-03-10,Social Media
C-10906,Noah White,noah.white60@email.com,AU,Melbourne,2024-05-15,Social Media
C-10907,Mia Lee,mia.lee33@email.com,UK,Birmingham,2024-02-06,Social Media
C-10908,Oliver Ahmed,oliver.ahmed19@email.com,US,New York,2025-05-30,Paid Search
C-10909,Benjamin Kumar,benjamin.kumar52@email.com,DE,Munich,2024-12-14,Direct
C-10910,Olivia Moore,olivia.moore61@email.com,CA,Montreal,2024-06-22,Social Media
C-10911,Raj Thompson,raj.thompson49@email.com,UK,Manchester,2024-01-20,Email
C-10912,Mason Garcia,mason.garcia17@email.com,US,Dallas,2024-04-03,Email
C-10913,Noah Smith,noah.smith75@email.com,UK,London,2024-03-11,Organic Search
C-10914,Chen Clark,chen.clark97@email.com,AU,Brisbane,2025-01-12,Organic Search
C-10915,Chen Chen,chen.chen64@email.com,IN,Mumbai,2025-08-08,Social Media
C-10916,Lucas Miller,lucas.miller65@email.com,US,LA,2024-10-04,Referral
C-10917,Ava Miller,ava.miller69@email.com,US,Dallas,2024-10-25,Social Media
C-10918,Lucas Jackson,lucas.jackson22@email.com,IN,Delhi,2025-05-31,Email
C-10919,Amelia Müller,amelia.müller27@email.com,US,Austin,2025-08-13,Paid Search
C-10920,Benjamin Lee,benjamin.lee98@email.com,US,Austin,2025-05-27,Direct
C-10921,Olivia Clark,olivia.clark99@email.com,US,Dallas,2024-08-26,Organic Search
C-10922,Evelyn Müller,evelyn.müller97@email.com,DE,Frankfurt,2024-10-31,Social Media
C-10923,Sophia Garcia,sophia.garcia47@email.com,AU,Brisbane,2025-01-16,Email
C-10924,Benjamin Lee,benjamin.lee63@email.com,US,New York,2024-03-16,Email
C-10925,Mason Jackson,mason.jackson91@email.com,US,Dallas,2025-08-14,Email
C-10926,Lucas Smith,lucas.smith44@email.com,US,New York,2025-04-17,Email
C-10927,Raj Nguyen,raj.nguyen67@email.com,CA,Toronto,2025-02-08,Social Media
C-10928,Liam White,liam.white16@email.com,US,LA,2025-04-18,Direct
C-10929,Arjun Clark,arjun.clark20@email.com,US,Houston,2025-01-13,Social Media
C-10930,Amelia Thompson,amelia.thompson49@email.com,US,Dallas,2025-06-29,Paid Search
C-10931,Arjun Williams,arjun.williams57@email.com,AU,Sydney,2024-11-29,Direct
C-10932,Fatima Moore,fatima.moore73@email.com,CA,Vancouver,2025-06-21,Direct
C-10933,Elijah Lee,elijah.lee85@email.com,UK,Birmingham,2024-12-05,Social Media
C-10934,Liam Patel,liam.patel65@email.com,US,Chicago,2024-10-29,Organic Search
C-10935,Lucas Chen,lucas.chen40@email.com,CA,Vancouver,2025-02-05,Organic Search
C-10936,Yuki Tanaka,yuki.tanaka79@email.com,FR,Lyon,2024-08-04,Email
C-10937,Chen Lee,chen.lee81@email.com,US,Austin,2024-11-10,Social Media
C-10938,Chen Ahmed,chen.ahmed54@email.com,US,New York,2025-02-02,Paid Search
C-10939,Evelyn Brown,evelyn.brown71@email.com,AU,Melbourne,2024-12-26,Social Media
C-10940,Sophia Dubois,sophia.dubois14@email.com,US,Austin,2024-01-15,Direct
C-10941,William Taylor,william.taylor31@email.com,US,Phoenix,2024-04-28,Social Media
C-10942,Sophia Nguyen,sophia.nguyen97@email.com,CA,Calgary,2024-11-04,Social Media
C-10943,James Moore,james.moore61@email.com,CA,Vancouver,2025-02-12,Referral
C-10944,Lucas Singh,lucas.singh53@email.com,US,Chicago,2024-06-02,Social Media
C-10945,Logan Brown,logan.brown65@email.com,UK,Birmingham,2025-02-28,Social Media
C-10946,Amelia Jackson,amelia.jackson84@email.com,UK,Birmingham,2024-12-04,Social Media
C-10947,Omar Dubois,omar.dubois65@email.com,UK,Leeds,2025-08-09,Referral
C-10948,Liam Singh,liam.singh58@email.com,DE,Hamburg,2024-04-13,Organic Search
C-10949,Marie Martinez,marie.martinez19@email.com,US,Chicago,2024-07-08,Social Media
C-10950,Chen Miller,chen.miller96@email.com,US,Dallas,2024-05-24,Paid Search
C-10951,Raj Williams,raj.williams73@email.com,US,Phoenix,2024-03-20,Paid Search
C-10952,Emma Brown,emma.brown39@email.com,DE,Berlin,2024-02-02,Social Media
C-10953,Mia Thompson,mia.thompson57@email.com,UK,Leeds,2025-06-20,Paid Search
C-10954,Hans Müller,hans.müller96@email.com,US,New York,2025-08-03,Social Media
C-10955,Noah Moore,noah.moore71@email.com,US,Dallas,2024-04-04,Paid Search
C-10956,William Ahmed,william.ahmed58@email.com,UK,Leeds,2024-03-17,Paid Search
C-10957,Charlotte Patel,charlotte.patel85@email.com,FR,Marseille,2025-07-15,Email
C-10958,Ava Dubois,ava.dubois15@email.com,US,New York,2025-08-06,Organic Search
C-10959,Mia Singh,mia.singh92@email.com,US,Chicago,2024-05-06,Referral
C-10960,Charlotte Ahmed,charlotte.ahmed53@email.com,CA,Vancouver,2025-01-30,Paid Search
C-10961,Lucas Müller,lucas.müller72@email.com,DE,Berlin,2025-04-12,Organic Search
C-10962,Chen Singh,chen.singh75@email.com,UK,Birmingham,2025-04-03,Organic Search
C-10963,Hans Clark,hans.clark87@email.com,US,LA,2025-07-05,Paid Search
C-10964,Priya Patel,priya.patel42@email.com,AU,Sydney,2025-01-23,Organic Search
C-10965,Benjamin Patel,benjamin.patel78@email.com,UK,London,2024-10-18,Organic Search
C-10966,Elijah Smith,elijah.smith53@email.com,UK,London,2024-07-02,Direct
C-10967,James Thompson,james.thompson36@email.com,US,Phoenix,2024-07-05,Referral
C-10968,Elijah Kim,elijah.kim32@email.com,DE,Berlin,2024-05-20,Email
C-10969,Amelia Taylor,amelia.taylor47@email.com,DE,Berlin,2024-08-24,Organic Search
C-10970,Sophia Williams,sophia.williams26@email.com,UK,London,2024-08-19,Organic Search
C-10971,Omar Johnson,omar.johnson53@email.com,AU,Brisbane,2025-07-12,Direct
C-10972,Harper Clark,harper.clark37@email.com,UK,Birmingham,2024-06-09,Organic Search
C-10973,Logan Martinez,logan.martinez85@email.com,CA,Vancouver,2024-03-26,Direct
C-10974,Ava Johnson,ava.johnson25@email.com,UK,Manchester,2024-01-02,Paid Search
C-10975,Olivia Harris,olivia.harris40@email.com,CA,Montreal,2024-09-01,Referral
C-10976,Harper Nguyen,harper.nguyen59@email.com,FR,Paris,2024-12-12,Direct
C-10977,Mia Moore,mia.moore89@email.com,US,LA,2024-02-03,Email
C-10978,Emma Harris,emma.harris96@email.com,US,Austin,2024-06-04,Email
C-10979,Noah Harris,noah.harris28@email.com,AU,Sydney,2025-03-14,Organic Search
C-10980,Isabella Lee,isabella.lee55@email.com,FR,Lyon,2024-08-06,Organic Search
C-10981,Lucas Rodriguez,lucas.rodriguez39@email.com,UK,Leeds,2025-05-09,Referral
C-10982,Priya Kim,priya.kim85@email.com,US,Austin,2024-04-08,Social Media
C-10983,Ava Chen,ava.chen23@email.com,US,Phoenix,2025-08-01,Social Media
C-10984,Logan Smith,logan.smith93@email.com,US,Phoenix,2025-02-27,Social Media
C-10985,Harper Lee,harper.lee15@email.com,CA,Montreal,2024-03-19,Organic Search
C-10986,Amelia Martin,amelia.martin39@email.com,US,Chicago,2024-10-12,Organic Search
C-10987,Emma Kim,emma.kim24@email.com,US,Phoenix,2024-01-21,Referral
C-10988,Marie Patel,marie.patel91@email.com,UK,Birmingham,2024-03-02,Paid Search
C-10989,Benjamin Chen,benjamin.chen10@email.com,US,Chicago,2024-10-19,Email
C-10990,Priya Singh,priya.singh14@email.com,UK,London,2025-05-17,Paid Search
C-10991,Mason Martin,mason.martin75@email.com,US,Austin,2024-10-11,Paid Search
C-10992,Liam Kumar,liam.kumar85@email.com,US,New York,2024-01-26,Organic Search
C-10993,William Kumar,william.kumar34@email.com,US,Houston,2025-08-12,Referral
C-10994,Isabella Brown,isabella.brown57@email.com,IN,Mumbai,2025-05-14,Organic Search
C-10995,Chen Martin,chen.martin50@email.com,US,Austin,2024-07-10,Direct
C-10996,Chen Kumar,chen.kumar24@email.com,DE,Frankfurt,2025-05-16,Social Media
C-10997,Benjamin Jackson,benjamin.jackson72@email.com,DE,Frankfurt,2024-07-09,Organic Search
C-10998,Chen Thompson,chen.thompson46@email.com,AU,Brisbane,2024-02-22,Social Media
C-10999,Isabella Patel,isabella.patel29@email.com,US,New York,2024-12-17,Email
C-11000,Charlotte Davis,charlotte.davis39@email.com,US,Chicago,2024-11-30,Organic Search
C-11001,Elijah Thomas,elijah.thomas13@email.com,US,Phoenix,2024-06-30,Social Media
C-11002,Wei Martin,wei.martin40@email.com,CA,Montreal,2024-03-02,Direct
C-11003,Noah Davis,noah.davis71@email.com,US,Phoenix,2025-05-23,Organic Search
C-11004,Marie Brown,marie.brown11@email.com,US,Houston,2025-04-27,Direct
C-11005,Noah Thomas,noah.thomas23@email.com,DE,Munich,2025-03-02,Organic Search
C-11006,William Chen,william.chen45@email.com,US,Chicago,2024-06-23,Social Media
C-11007,Emma Smith,emma.smith26@email.com,UK,London,2025-08-03,Social Media
C-11008,Yuki Brown,yuki.brown36@email.com,CA,Montreal,2025-03-06,Email
C-11009,Sophia Taylor,sophia.taylor22@email.com,US,Chicago,2024-11-14,Email
C-11010,Mia Thomas,mia.thomas31@email.com,DE,Munich,2024-05-20,Paid Search
C-11011,Ava Ahmed,ava.ahmed17@email.com,UK,Manchester,2024-08-29,Organic Search
C-11012,Emma Moore,emma.moore63@email.com,FR,Marseille,2024-01-22,Organic Search
C-11013,Marie Patel,marie.patel22@email.com,US,New York,2025-07-10,Paid Search
C-11014,Mason Thomas,mason.thomas61@email.com,US,Austin,2025-08-20,Email
C-11015,Ava Kim,ava.kim50@email.com,US,New York,2024-04-16,Social Media
C-11016,William Davis,william.davis72@email.com,US,Phoenix,2025-07-11,Organic Search
C-11017,William Tanaka,william.tanaka79@email.com,US,LA,2024-06-21,Organic Search
C-11018,Isabella Singh,isabella.singh68@email.com,UK,London,2025-06-03,Organic Search
C-11019,Noah Clark,noah.clark88@email.com,US,New York,2025-01-12,Direct
C-11020,Benjamin Müller,benjamin.müller23@email.com,AU,Brisbane,2024-02-15,Organic Search
C-11021,Liam Nguyen,liam.nguyen90@email.com,DE,Hamburg,2024-04-07,Email
C-11022,Ava Martinez,ava.martinez67@email.com,US,New York,2024-08-23,Email
C-11023,Lucas Thompson,lucas.thompson64@email.com,US,Houston,2025-03-16,Direct
C-11024,Omar Lee,omar.lee29@email.com,FR,Marseille,2024-09-18,Paid Search
C-11025,William Chen,william.chen57@email.com,UK,Birmingham,2025-07-05,Paid Search
C-11026,Harper Thompson,harper.thompson82@email.com,US,Phoenix,2025-03-09,Paid Search
C-11027,James Patel,james.patel94@email.com,US,Phoenix,2024-06-27,Organic Search
C-11028,Hans Kim,hans.kim21@email.com,US,Austin,2024-12-06,Direct
C-11029,Sophia Garcia,sophia.garcia70@email.com,IN,Bangalore,2024-01-05,Organic Search
C-11030,Liam Jones,liam.jones24@email.com,CA,Montreal,2024-03-17,Direct
C-11031,Amelia Clark,amelia.clark74@email.com,US,Dallas,2024-05-29,Paid Search
C-11032,Ava Johnson,ava.johnson42@email.com,US,Austin,2025-08-16,Referral
C-11033,Marie Garcia,marie.garcia35@email.com,CA,Toronto,2024-09-07,Organic Search
C-11034,Arjun Johnson,arjun.johnson54@email.com,US,Dallas,2025-08-06,Organic Search
C-11035,Yuki Müller,yuki.müller41@email.com,US,Phoenix,2025-03-24,Organic Search
C-11036,Mason White,mason.white31@email.com,UK,London,2025-01-28,Paid Search
C-11037,Omar Kumar,omar.kumar39@email.com,US,Chicago,2024-10-15,Organic Search
C-11038,Arjun Brown,arjun.brown25@email.com,DE,Hamburg,2024-03-08,Paid Search
C-11039,Raj Taylor,raj.taylor18@email.com,CA,Toronto,2024-09-08,Organic Search
C-11040,Logan White,logan.white68@email.com,FR,Paris,2025-08-17,Email
C-11041,Evelyn Tanaka,evelyn.tanaka77@email.com,US,New York,2024-04-28,Email
C-11042,Charlotte Singh,charlotte.singh32@email.com,US,Chicago,2025-03-26,Organic Search
C-11043,Evelyn Nguyen,evelyn.nguyen90@email.com,US,Houston,2025-07-15,Email
C-11044,Mason Ahmed,mason.ahmed45@email.com,US,LA,2024-12-14,Direct
C-11045,Benjamin Jones,benjamin.jones66@email.com,AU,Brisbane,2024-11-14,Direct
C-11046,Oliver Nguyen,oliver.nguyen26@email.com,US,Chicago,2024-03-14,Organic Search
C-11047,Isabella Lee,isabella.lee44@email.com,FR,Marseille,2024-02-12,Social Media
C-11048,Wei Jones,wei.jones29@email.com,DE,Hamburg,2024-05-20,Referral
C-11049,Ava Kumar,ava.kumar57@email.com,US,Phoenix,2024-06-20,Paid Search
C-11050,Olivia Clark,olivia.clark29@email.com,CA,Vancouver,2025-01-07,Paid Search
C-11051,Emma White,emma.white88@email.com,US,Chicago,2025-01-07,Direct
C-11052,Chen White,chen.white11@email.com,FR,Marseille,2024-03-21,Referral
C-11053,Mia Kumar,mia.kumar99@email.com,US,Austin,2025-07-15,Organic Search
C-11054,Lucas Jackson,lucas.jackson41@email.com,DE,Hamburg,2025-07-27,Organic Search
C-11055,Mason Moore,mason.moore35@email.com,AU,Melbourne,2024-02-26,Social Media
C-11056,Priya Johnson,priya.johnson72@email.com,US,Chicago,2025-07-31,Paid Search
C-11057,James Moore,james.moore21@email.com,DE,Hamburg,2024-06-20,Direct
C-11058,Charlotte White,charlotte.white25@email.com,US,Dallas,2024-09-12,Social Media
C-11059,James Williams,james.williams98@email.com,CA,Montreal,2024-06-09,Paid Search
C-11060,Oliver Chen,oliver.chen78@email.com,CA,Calgary,2024-08-02,Organic Search
C-11061,Mia Singh,mia.singh82@email.com,US,Houston,2025-07-23,Paid Search
C-11062,Sophia Martinez,sophia.martinez59@email.com,US,LA,2024-08-25,Email
C-11063,Elijah Singh,elijah.singh53@email.com,IN,Delhi,2024-05-23,Email
C-11064,Lucas Martinez,lucas.martinez40@email.com,US,Chicago,2025-06-12,Direct
C-11065,Yuki Ahmed,yuki.ahmed41@email.com,IN,Delhi,2024-06-12,Organic Search
C-11066,Logan Kim,logan.kim42@email.com,US,Houston,2024-12-05,Organic Search
C-11067,Mason White,mason.white94@email.com,US,Chicago,2024-05-02,Paid Search
C-11068,Isabella Jones,isabella.jones51@email.com,DE,Berlin,2025-08-12,Organic Search
C-11069,Olivia Martinez,olivia.martinez67@email.com,DE,Munich,2024-03-26,Organic Search
C-11070,Mia Patel,mia.patel66@email.com,IN,Mumbai,2024-11-23,Social Media
C-11071,Evelyn Kumar,evelyn.kumar12@email.com,US,Austin,2024-09-01,Organic Search
C-11072,Chen Moore,chen.moore99@email.com,IN,Bangalore,2024-04-19,Social Media
C-11073,Benjamin Thompson,benjamin.thompson87@email.com,UK,Leeds,2024-09-13,Organic Search
C-11074,Emma Taylor,emma.taylor69@email.com,DE,Munich,2025-02-04,Social Media
C-11075,Oliver Williams,oliver.williams93@email.com,UK,Leeds,2024-03-13,Organic Search
C-11076,Harper Dubois,harper.dubois53@email.com,US,Chicago,2024-02-12,Direct
C-11077,Chen Martin,chen.martin95@email.com,UK,Leeds,2024-10-17,Paid Search
C-11078,Harper Garcia,harper.garcia32@email.com,US,Austin,2025-07-23,Organic Search
C-11079,Mia Chen,mia.chen38@email.com,US,Houston,2024-05-28,Organic Search
C-11080,Harper Martinez,harper.martinez76@email.com,CA,Montreal,2025-07-30,Social Media
C-11081,William Garcia,william.garcia39@email.com,UK,Manchester,2025-03-19,Organic Search
C-11082,Sophia Patel,sophia.patel36@email.com,AU,Sydney,2025-06-04,Email
C-11083,Amelia Martin,amelia.martin70@email.com,US,LA,2024-08-18,Email
C-11084,Priya Martinez,priya.martinez72@email.com,UK,Birmingham,2024-10-30,Social Media
C-11085,Omar Garcia,omar.garcia81@email.com,US,Phoenix,2025-03-24,Social Media
C-11086,Ava Moore,ava.moore44@email.com,AU,Brisbane,2025-02-03,Email
C-11087,Amelia Chen,amelia.chen96@email.com,CA,Calgary,2024-08-10,Referral
C-11088,Emma Thomas,emma.thomas79@email.com,UK,Birmingham,2024-06-18,Direct
C-11089,Noah Smith,noah.smith25@email.com,US,Houston,2025-08-16,Paid Search
C-11090,Evelyn Martinez,evelyn.martinez17@email.com,US,Dallas,2025-07-28,Referral
C-11091,Sophia Tanaka,sophia.tanaka80@email.com,UK,Birmingham,2025-08-07,Email
C-11092,Sophia Martin,sophia.martin74@email.com,CA,Toronto,2024-11-25,Social Media
C-11093,Mason Singh,mason.singh10@email.com,CA,Toronto,2025-04-05,Referral
C-11094,Chen Smith,chen.smith49@email.com,UK,Manchester,2024-02-02,Organic Search
C-11095,Lucas Singh,lucas.singh30@email.com,US,New York,2024-08-15,Social Media
C-11096,Yuki Martin,yuki.martin40@email.com,IN,Mumbai,2025-05-05,Social Media
C-11097,Noah Brown,noah.brown73@email.com,US,Dallas,2025-05-21,Social Media
C-11098,Ava Chen,ava.chen51@email.com,US,Phoenix,2024-10-20,Social Media
C-11099,Yuki Singh,yuki.singh22@email.com,US,Dallas,2024-09-09,Referral
C-11100,Elijah Williams,elijah.williams96@email.com,US,LA,2024-07-02,Organic Search
C-11101,Arjun Smith,arjun.smith70@email.com,UK,Birmingham,2025-05-06,Direct
C-11102,Mason Clark,mason.clark32@email.com,US,Dallas,2024-07-08,Email
C-11103,Benjamin Thomas,benjamin.thomas68@email.com,CA,Vancouver,2025-05-31,Referral
C-11104,Arjun Garcia,arjun.garcia84@email.com,US,Dallas,2024-04-10,Organic Search
C-11105,James Tanaka,james.tanaka49@email.com,US,Phoenix,2025-06-13,Social Media
C-11106,Mason Singh,mason.singh40@email.com,UK,London,2025-06-30,Direct
C-11107,Sophia Tanaka,sophia.tanaka54@email.com,UK,London,2025-03-02,Social Media
C-11108,Ava Harris,ava.harris58@email.com,FR,Lyon,2025-05-24,Email
C-11109,Ava Müller,ava.müller79@email.com,US,Chicago,2025-01-23,Direct
C-11110,Emma Chen,emma.chen44@email.com,US,LA,2024-12-10,Organic Search
C-11111,Isabella Taylor,isabella.taylor80@email.com,US,Houston,2024-02-09,Social Media
C-11112,Raj Martinez,raj.martinez77@email.com,US,Chicago,2024-07-06,Organic Search
C-11113,Arjun Lee,arjun.lee86@email.com,UK,Manchester,2025-04-27,Social Media
C-11114,Marie Miller,marie.miller88@email.com,AU,Melbourne,2024-06-21,Direct
C-11115,Liam Clark,liam.clark87@email.com,US,Phoenix,2024-03-02,Email
C-11116,James Jackson,james.jackson70@email.com,US,New York,2025-02-08,Organic Search
C-11117,Raj Clark,raj.clark99@email.com,US,LA,2024-03-04,Organic Search
C-11118,Amelia Miller,amelia.miller10@email.com,US,Chicago,2025-03-18,Paid Search
C-11119,Isabella Müller,isabella.müller25@email.com,US,Chicago,2025-04-26,Organic Search
C-11120,Sophia Singh,sophia.singh28@email.com,US,Austin,2025-07-16,Social Media
C-11121,Noah Clark,noah.clark75@email.com,AU,Brisbane,2024-05-24,Organic Search
C-11122,William Smith,william.smith45@email.com,US,Austin,2024-09-06,Referral
C-11123,Marie Davis,marie.davis58@email.com,US,Chicago,2024-09-26,Paid Search
C-11124,Amelia Thomas,amelia.thomas80@email.com,US,Dallas,2025-04-29,Paid Search
C-11125,Elijah Rodriguez,elijah.rodriguez47@email.com,US,Phoenix,2025-05-31,Paid Search
C-11126,Evelyn Singh,evelyn.singh38@email.com,UK,London,2024-08-14,Referral
C-11127,Priya Brown,priya.brown74@email.com,US,New York,2024-04-19,Social Media
C-11128,Emma Harris,emma.harris96@email.com,DE,Frankfurt,2024-10-06,Paid Search
C-11129,Logan Chen,logan.chen39@email.com,US,Phoenix,2024-01-19,Paid Search
C-11130,Ava Moore,ava.moore28@email.com,DE,Hamburg,2024-04-05,Referral
C-11131,Raj Jackson,raj.jackson41@email.com,US,Dallas,2024-06-05,Paid Search
C-11132,Arjun Smith,arjun.smith12@email.com,UK,Manchester,2025-04-16,Social Media
C-11133,Wei Davis,wei.davis19@email.com,IN,Delhi,2025-02-15,Referral
C-11134,James Martin,james.martin48@email.com,US,Chicago,2025-02-18,Paid Search
C-11135,Priya Williams,priya.williams22@email.com,CA,Vancouver,2024-01-29,Paid Search
C-11136,Oliver Patel,oliver.patel96@email.com,IN,Mumbai,2024-06-04,Email
C-11137,Raj Rodriguez,raj.rodriguez14@email.com,UK,Leeds,2025-01-08,Direct
C-11138,Ava White,ava.white18@email.com,US,Phoenix,2024-04-29,Paid Search
C-11139,James Davis,james.davis23@email.com,IN,Delhi,2024-04-07,Paid Search
C-11140,Sophia Brown,sophia.brown71@email.com,UK,London,2024-01-30,Email
C-11141,Amelia Clark,amelia.clark76@email.com,DE,Berlin,2025-01-27,Organic Search
C-11142,Chen Lee,chen.lee47@email.com,US,Dallas,2025-07-24,Paid Search
C-11143,Noah Smith,noah.smith21@email.com,UK,Manchester,2024-10-13,Paid Search
C-11144,Logan White,logan.white82@email.com,FR,Paris,2025-07-30,Paid Search
C-11145,Sophia Moore,sophia.moore36@email.com,US,Chicago,2024-04-02,Organic Search
C-11146,Chen Miller,chen.miller50@email.com,AU,Melbourne,2025-06-25,Paid Search
C-11147,Sophia Thompson,sophia.thompson69@email.com,US,Chicago,2025-07-15,Referral
C-11148,Wei Lee,wei.lee18@email.com,UK,London,2024-01-31,Email
C-11149,Sophia Smith,sophia.smith24@email.com,US,Austin,2024-05-13,Email
C-11150,Raj Martin,raj.martin33@email.com,UK,Manchester,2024-04-20,Organic Search
C-11151,Chen Chen,chen.chen47@email.com,US,LA,2024-11-25,Social Media
C-11152,Mason Kim,mason.kim13@email.com,CA,Vancouver,2024-09-24,Email
C-11153,Noah Müller,noah.müller64@email.com,CA,Montreal,2024-08-05,Social Media
C-11154,William Jackson,william.jackson24@email.com,US,LA,2024-01-31,Social Media
C-11155,Marie Williams,marie.williams15@email.com,DE,Hamburg,2024-12-28,Organic Search
C-11156,Oliver Taylor,oliver.taylor13@email.com,US,Phoenix,2024-10-05,Social Media
C-11157,Charlotte Miller,charlotte.miller40@email.com,AU,Brisbane,2024-04-15,Organic Search
C-11158,Ava Jones,ava.jones70@email.com,DE,Berlin,2025-01-11,Direct
C-11159,Charlotte Tanaka,charlotte.tanaka81@email.com,CA,Toronto,2024-07-17,Email
C-11160,Evelyn Kim,evelyn.kim81@email.com,DE,Hamburg,2024-02-13,Referral
C-11161,Lucas White,lucas.white50@email.com,UK,London,2025-07-15,Social Media
C-11162,Chen Williams,chen.williams68@email.com,FR,Paris,2024-06-06,Social Media
C-11163,Hans Garcia,hans.garcia39@email.com,US,Chicago,2024-03-02,Paid Search
C-11164,Sophia White,sophia.white57@email.com,FR,Marseille,2024-04-13,Email
C-11165,Evelyn Rodriguez,evelyn.rodriguez49@email.com,FR,Marseille,2025-01-15,Organic Search
C-11166,Raj Dubois,raj.dubois26@email.com,DE,Hamburg,2025-06-24,Email
C-11167,Logan Davis,logan.davis67@email.com,UK,Birmingham,2025-07-20,Direct
C-11168,James Davis,james.davis31@email.com,DE,Berlin,2025-01-06,Referral
C-11169,Elijah Müller,elijah.müller18@email.com,FR,Paris,2024-04-01,Organic Search
C-11170,Hans Dubois,hans.dubois48@email.com,AU,Brisbane,2025-01-18,Organic Search
C-11171,Wei Smith,wei.smith87@email.com,US,Houston,2024-02-19,Organic Search
C-11172,Hans Nguyen,hans.nguyen77@email.com,AU,Melbourne,2024-11-20,Paid Search
C-11173,Mia Dubois,mia.dubois40@email.com,AU,Brisbane,2024-06-24,Paid Search
C-11174,Lucas Jackson,lucas.jackson78@email.com,US,Chicago,2025-08-14,Email
C-11175,Mia Harris,mia.harris15@email.com,US,Phoenix,2024-01-30,Paid Search
C-11176,Hans Jackson,hans.jackson35@email.com,IN,Mumbai,2025-05-12,Email
C-11177,Amelia Nguyen,amelia.nguyen69@email.com,DE,Frankfurt,2025-01-02,Direct
C-11178,Charlotte Brown,charlotte.brown33@email.com,US,Dallas,2025-04-13,Social Media
C-11179,Raj Dubois,raj.dubois82@email.com,DE,Berlin,2024-01-19,Organic Search
C-11180,Ava Jones,ava.jones73@email.com,CA,Calgary,2024-08-11,Social Media
C-11181,Harper Garcia,harper.garcia23@email.com,DE,Frankfurt,2024-06-11,Direct
C-11182,Hans White,hans.white95@email.com,US,Chicago,2024-05-09,Paid Search
C-11183,Olivia Smith,olivia.smith15@email.com,DE,Hamburg,2024-03-28,Paid Search
C-11184,Evelyn Martinez,evelyn.martinez84@email.com,US,Dallas,2024-02-11,Social Media
C-11185,Omar Thompson,omar.thompson97@email.com,US,LA,2025-01-26,Social Media
C-11186,Omar Dubois,omar.dubois39@email.com,US,LA,2024-11-22,Social Media
C-11187,Chen Kim,chen.kim38@email.com,US,Chicago,2024-02-21,Organic Search
C-11188,Wei Kim,wei.kim21@email.com,US,Dallas,2025-08-04,Social Media
C-11189,Elijah Jones,elijah.jones52@email.com,CA,Toronto,2025-03-27,Referral
C-11190,James Lee,james.lee84@email.com,DE,Berlin,2025-05-11,Direct
C-11191,James Kumar,james.kumar39@email.com,IN,Bangalore,2024-11-15,Direct
C-11192,Liam Tanaka,liam.tanaka33@email.com,IN,Delhi,2024-12-18,Paid Search
C-11193,Raj Kim,raj.kim60@email.com,FR,Marseille,2025-08-13,Email
C-11194,Amelia Williams,amelia.williams23@email.com,UK,Birmingham,2024-07-22,Paid Search
C-11195,William Smith,william.smith14@email.com,CA,Vancouver,2024-11-25,Direct
C-11196,Charlotte Tanaka,charlotte.tanaka74@email.com,US,Chicago,2025-03-06,Organic Search
C-11197,Ava Taylor,ava.taylor79@email.com,DE,Hamburg,2025-05-19,Referral
C-11198,Liam Müller,liam.müller71@email.com,CA,Toronto,2025-01-12,Organic Search
C-11199,Lucas Singh,lucas.singh30@email.com,US,Chicago,2024-07-02,Direct
